key,area,english,amharic,placeholders,status,notes,reviewer_amharic,reviewer_ok,reviewer_comment
audio.script.contributed,audio,Members who contributed: {contributed} of {total}.,አስተዋፅኦ ያደረጉ አባላት፦ ከ{total} {contributed}።,{contributed} {total},new,,,,
audio.script.potBalance,audio,Pot balance: {amount} ETB.,የቀሪ ሂሳብ፦ {amount} ብር።,{amount},new,,,,
audio.script.sample,audio,"This report uses sample data, not your group's ledger.",ይህ ሪፖርት የናሙና መረጃ ይጠቀማል፤ የቡድንዎ መዝገብ አይደለም።,,new,,,,
audio.script.unavailable,audio,The pot balance is not available right now.,የቀሪ ሂሳቡ አሁን አይገኝም።,,new,,,,
collateral.accept,collateral,I confirm I vouch for this member,ይህን አባል እንደምዋስ አረጋግጣለሁ,,new,,,,
collateral.advisory,collateral,"Advisory only. Nothing here moves money or debits anyone: a guarantee is a recorded promise made with the guarantor's own consent, and a flag is only what the ledger can show. What the group does about either is the group's decision.",ምክር ብቻ ነው። እዚህ ያለ ምንም ነገር ገንዘብ አያንቀሳቅስም፤ ማንንም አይቀንስም፤ ዋስትና ዋሱ በራሱ ፈቃድ የተመዘገበ ቃል ነው፤ ምልክቱም ደብተሩ ማሳየት የሚችለውን ብቻ ነው። ቡድኑ በሁለቱም ላይ የሚወስነው ውሳኔ የቡድኑ ነው።,,new,,,,
collateral.aria,collateral,Collateral and default risk,ዋስትና እና የጉድለት አደጋ,,new,,,,
collateral.cancel,collateral,Cancel,ሰርዝ,,new,,,,
collateral.consentNote,collateral,A guarantee only counts once the guarantor confirms it themselves; nobody can confirm it for them.,ዋስትና የሚቆጠረው ዋሱ ራሱ ሲያረጋግጥ ብቻ ነው፤ ማንም ሊያረጋግጥለት አይችልም።,,new,,,,
collateral.decline,collateral,Decline,እምቢ,,new,,,,
collateral.declineReason,collateral,Reason (optional),ምክንያት (አማራጭ),,new,,,,
collateral.done,collateral,Recorded.,ተመዝግቧል።,,new,,,,
collateral.empty,collateral,"Nobody has won a round of this cycle yet, so nobody owes later rounds.",በዚህ ዑደት ገና ማንም ዙር አላሸነፈም፤ ስለዚህ ማንም የቀሪ ዙሮች ዕዳ የለበትም።,,new,,,,
collateral.flaggedExplain,collateral,"Flagged means this round's draw has been opened and no qualifying contribution from this member is attributed to it. It is a flag, not a verdict: they may have paid in a way not yet recorded, and it clears by itself once an entry is attributed.",ምልክት የተደረገበት ማለት የዚህ ዙር እጣ ተከፍቷል፤ የዚህ አባል ብቁ መዋጮ ለእሱ አልተሰጠም ማለት ነው። ይህ ምልክት ነው እንጂ ፍርድ አይደለም፤ አባሉ ገና ባልተመዘገበ መንገድ ከፍሎ ሊሆን ይችላል፤ መዝገብ ሲሰጥ ራሱ ይጠፋል።,,new,,,,
collateral.guarantorRow,collateral,{member} vouches for {winner},{member} ለ{winner} ዋስ ይሆናል,{member} {winner},new,,,,
collateral.guarantors,collateral,Guarantors,ዋሶች,,new,,,,
collateral.loading,collateral,Reading the collateral record…,የዋስትና መዝገቡን በማንበብ ላይ…,,new,,,,
collateral.nextReserve,collateral,Reserve planned for the next payout,ለቀጣዩ ክፍያ የታቀደ ክምችት,,new,,,,
collateral.noContribution,collateral,"This cycle has no contribution amount on record, so no amounts can be worked out.",ይህ ዑደት የመዋጮ መጠን በመዝገብ የለውም፤ ስለዚህ መጠኖችን ማስላት አይቻልም።,,new,,,,
collateral.noGuarantor,collateral,No guarantor recorded.,የተመዘገበ ዋስ የለም።,,new,,,,
collateral.outstanding,collateral,Winners still owe,አሸናፊዎች ገና የሚከፍሉት,,new,,,,
collateral.overdue,collateral,Overdue (flagged),ጊዜው ያለፈ (ምልክት የተደረገበት),,new,,,,
collateral.pickMember,collateral,Choose a member first.,መጀመሪያ አባል ይምረጡ።,,new,,,,
collateral.propose,collateral,Propose a guarantor,ዋስ ጠቁም,,new,,,,
collateral.proposeChoose,collateral,Choose a member,አባል ይምረጡ,,new,,,,
collateral.proposeConfirm,collateral,Send the proposal,ጥያቄውን ላክ,,new,,,,
collateral.proposeMember,collateral,Member who would vouch,የሚዋስ አባል,,new,,,,
collateral.proposeNote,collateral,The proposed member must confirm it themselves in their own session.,የተጠቆመው አባል በራሱ ክፍለ ጊዜ ራሱ ማረጋገጥ አለበት።,,new,,,,
collateral.reasonTooShort,collateral,Please give a reason of at least 10 characters.,ቢያንስ 10 ፊደላት ያለው ምክንያት ይስጡ።,,new,,,,
collateral.release,collateral,Release,ልልቀቅ,,new,,,,
collateral.releaseConfirm,collateral,Record release,መልቀቅን መዝግብ,,new,,,,
collateral.releaseReason,collateral,Reason for releasing (at least 10 characters),የመልቀቅ ምክንያት (ቢያንስ 10 ፊደላት),,new,,,,
collateral.reserveCovers,collateral,The retained reserve covers the flagged amount.,የተያዘው ክምችት ምልክት የተደረገበትን መጠን ይሸፍናል።,,new,,,,
collateral.reserveRetained,collateral,Reserve retained so far,እስካሁን የተያዘ ክምችት,,new,,,,
collateral.reserveShort,collateral,The retained reserve does not cover the flagged amount.,የተያዘው ክምችት ምልክት የተደረገበትን መጠን አይሸፍንም።,,new,,,,
collateral.round,collateral,Round {round},ዙር {round},{round},new,,,,
collateral.source.bank_verification,collateral,bank-verified,በባንክ የተረጋገጠ,,new,,,,
collateral.source.treasurer,collateral,recorded by the treasurer,በገንዘብ ያዥ የተመዘገበ,,new,,,,
collateral.state.accepted,collateral,Confirmed by the guarantor,በዋሱ ተረጋግጧል,,new,,,,
collateral.state.declined,collateral,Declined by the guarantor,በዋሱ ውድቅ ተደርጓል,,new,,,,
collateral.state.proposed,collateral,Waiting for the guarantor's own confirmation,የዋሱን የራሱን ማረጋገጫ በመጠበቅ ላይ,,new,,,,
collateral.state.reason,collateral,Reason: {reason},ምክንያት፦ {reason},{reason},new,,,,
collateral.state.released,collateral,Released,ተለቋል,,new,,,,
collateral.state.superseded,collateral,Replaced by another guarantor,በሌላ ዋስ ተተክቷል,,new,,,,
collateral.status.flagged,collateral,Flagged,ምልክት የተደረገበት,,new,,,,
collateral.status.met,collateral,Met,የተሟላ,,new,,,,
collateral.status.not_due,collateral,Not yet due,ገና ጊዜው አልደረሰም,,new,,,,
collateral.supersede,collateral,Replace guarantor,ዋሱን ተካ,,new,,,,
collateral.supersedeConfirm,collateral,Record replacement,መተካቱን መዝግብ,,new,,,,
collateral.supersedeMember,collateral,New guarantor,አዲስ ዋስ,,new,,,,
collateral.supersedeReason,collateral,Reason for replacing (at least 10 characters),የመተካት ምክንያት (ቢያንስ 10 ፊደላት),,new,,,,
collateral.title,collateral,Collateral and post-win default risk,ዋስትና እና ከአሸናፊነት በኋላ የጉድለት አደጋ,,new,,,,
collateral.unavailable,collateral,The collateral record could not be read. Nothing is shown rather than a guess.,የዋስትና መዝገቡን ማንበብ አልተቻለም። ግምት ከማሳየት ይልቅ ምንም አይታይም።,,new,,,,
collateral.winnerNoRounds,collateral,Won the final round: nothing left to owe.,የመጨረሻውን ዙር አሸንፏል፤ የሚከፍለው ምንም የለም።,,new,,,,
collateral.winnerRemaining,collateral,"{owed} later round(s): {met} met, {flagged} flagged, {notDue} not yet due.",{owed} ቀሪ ዙር(ዎች)፦ {met} የተሟላ፣ {flagged} ምልክት የተደረገበት፣ {notDue} ገና ጊዜው ያልደረሰ።,{flagged} {met} {notDue} {owed},new,,,,
collateral.winnerTitle,collateral,{member} · won round {round},{member} · ዙር {round} አሸንፏል,{member} {round},new,,,,
collateral.working,collateral,Working…,በመሥራት ላይ…,,new,,,,
collateral.you,collateral,(you),(እርስዎ),,new,,,,
collateralLive.error.cycleClosed,collateralLive,This cycle is closed.,ይህ ዑደት ተዘግቷል።,,new,,,,
collateralLive.error.exists,collateralLive,That member already has an open guarantee for this winner.,ይህ አባል ለዚህ አሸናፊ አስቀድሞ ክፍት ዋስትና አለው።,,new,,,,
collateralLive.error.limit,collateralLive,This winner already has the most open guarantees allowed.,ይህ አሸናፊ የሚፈቀደውን ከፍተኛ ክፍት ዋስትና አስቀድሞ አግኝቷል።,,new,,,,
collateralLive.error.memberNotFound,collateralLive,That member is not an active member of this group.,ይህ አባል የዚህ ቡድን ንቁ አባል አይደለም።,,new,,,,
collateralLive.error.noRemainingRounds,collateralLive,"That member won the final round, so there is nothing left to guarantee.",ይህ አባል የመጨረሻውን ዙር አሸንፏል፤ ስለዚህ የሚዋስ ምንም የለም።,,new,,,,
collateralLive.error.stateConflict,collateralLive,That guarantee has already moved on. Refresh to see its current state.,ይህ ዋስትና አስቀድሞ ተለውጧል። አሁን ያለበትን ለማየት ያድሱ።,,new,,,,
collateralLive.error.winnerNotFound,collateralLive,That member has not won a round of this cycle.,ይህ አባል በዚህ ዑደት ዙር አላሸነፈም።,,new,,,,
contributions.aria,contributions,Contributions by round,በዙር የተደረገ መዋጮ,,new,,,,
contributions.assignNote,contributions,"A payment pays the earliest unmet round that was already due when it was recorded. After a member's win it pays the rounds after the win first, and otherwise clears the earliest round they missed. Once placed, it does not move when later rounds open; only a deliberate correction (attributing a round, reversing a payment) can change it.",ክፍያ ሲመዘገብ ጊዜው የደረሰውን ቀዳሚውን ያልተሟላ ዙር ይከፍላል። አባሉ ካሸነፈ በኋላ መጀመሪያ ከድሉ በኋላ ያሉትን ዙሮች ይከፍላል፤ አለበለዚያ ያመለጠውን ቀዳሚ ዙር ያጠራል። አንዴ ከተመደበ በኋላ ሌሎች ዙሮች ሲከፈቱ አይንቀሳቀስም፤ ሊቀይረው የሚችለው ሆን ተብሎ የሚደረግ ማስተካከያ ብቻ ነው (ዙር መመደብ ወይም ክፍያ መሻር)።,,new,,,,
contributions.empty,contributions,This cycle has no members to show.,ለዚህ ዑደት የሚታይ አባል የለም።,,new,,,,
contributions.explain,contributions,"Each cell is worked out from the ledger every time this is read; nothing here is stored as a status. A round is due once its draw has been opened. A contribution counts toward a round when it is attributed to the member (bank-verified, or recorded by the treasurer), is at least the cycle's contribution, and has not been reversed.",እያንዳንዱ ሳጥን ይህ በተነበበ ቁጥር ከደብተሩ ይሰላል፤ እዚህ ምንም ሁኔታ አይከማችም። የዙሩ እጣ ሲከፈት ዙሩ ጊዜው ደርሷል ማለት ነው። መዋጮ ለአንድ ዙር የሚቆጠረው ለአባሉ ሲሰጥ (በባንክ የተረጋገጠ ወይም በገንዘብ ያዥ የተመዘገበ)፣ ቢያንስ የዑደቱ መዋጮ ሲሆንና ሳይሻር ሲቀር ነው።,,new,,,,
contributions.flaggedSummary,contributions,{count} flagged cell(s) among active members.,በንቁ አባላት መካከል {count} ምልክት የተደረገባቸው ሳጥኖች።,{count},new,,,,
contributions.gate.change,contributions,Change the policy,ፖሊሲውን ቀይር,,new,,,,
contributions.gate.changeTo,contributions,New policy,አዲስ ፖሊሲ,,new,,,,
contributions.gate.commitOverrideRow,contributions,{date}: {actor} committed round {round} despite {count} flagged round(s) ({who}). Reason: {reason},{date}፦ {actor} ምልክት የተደረገባቸው {count} ዙር(ሮች) ({who}) ቢኖሩም ዙር {round}ን ቆልፏል። ምክንያት፦ {reason},{actor} {count} {date} {reason} {round} {who},new,,,,
contributions.gate.current,contributions,Contribution gate: {policy},የመዋጮ በር፦ {policy},{policy},new,,,,
contributions.gate.eventRow,contributions,{date}: {actor} changed the gate from {from} to {to}. Reason: {reason},{date}፦ {actor} በሩን ከ{from} ወደ {to} ቀይሯል። ምክንያት፦ {reason},{actor} {date} {from} {reason} {to},new,,,,
contributions.gate.explain.block,contributions,"A draw cannot be opened or committed while an active member has a flagged earlier round, unless the owner or treasurer gives a reason, which is recorded. A reason given when the draw was opened still covers the same rounds when it is committed, but not a round that has been flagged since.",ንቁ አባል ምልክት የተደረገበት ቀደም ያለ ዙር እስካለው ድረስ እጣ መክፈት ወይም መቆለፍ አይቻልም፤ ባለቤቱ ወይም ገንዘብ ያዡ ምክንያት ካልሰጡ በቀር፤ ምክንያቱም ይመዘገባል። እጣው ሲከፈት የተሰጠ ምክንያት እጣው ሲቆለፍ ተመሳሳዮቹን ዙሮች ይሸፍናል፤ ከዚያ በኋላ ምልክት የተደረገበትን ዙር ግን አይሸፍንም።,,new,,,,
contributions.gate.explain.off,contributions,Opening or committing a draw does not look at contributions.,እጣ ሲከፈት ወይም ሲቆለፍ መዋጮ አይመረመርም።,,new,,,,
contributions.gate.explain.warn,contributions,Opening or committing a draw lists the flagged earlier rounds and asks for a confirmation.,እጣ ሲከፈት ወይም ሲቆለፍ ምልክት የተደረገባቸው ቀደምት ዙሮች ይዘረዘራሉ፤ ማረጋገጫም ይጠየቃል።,,new,,,,
contributions.gate.history,contributions,Policy changes and overrides,የፖሊሲ ለውጦችና ማለፊያዎች,,new,,,,
contributions.gate.historyEmpty,contributions,No policy change or override has been recorded.,ምንም የፖሊሲ ለውጥ ወይም ማለፊያ አልተመዘገበም።,,new,,,,
contributions.gate.overrideRow,contributions,{date}: {actor} opened round {round} despite {count} flagged round(s) ({who}). Reason: {reason},{date}፦ {actor} ምልክት የተደረገባቸው {count} ዙር(ሮች) ({who}) ቢኖሩም ዙር {round}ን ከፍቷል። ምክንያት፦ {reason},{actor} {count} {date} {reason} {round} {who},new,,,,
contributions.gate.policy.block,contributions,Block,ማገድ,,new,,,,
contributions.gate.policy.off,contributions,Off,ጠፍቷል,,new,,,,
contributions.gate.policy.warn,contributions,Warn,ማስጠንቀቂያ,,new,,,,
contributions.gate.reason,contributions,Reason (at least 10 characters),ምክንያት (ቢያንስ 10 ቁምፊ),,new,,,,
contributions.gate.reasonShort,contributions,Please give a reason of at least 10 characters.,ቢያንስ 10 ቁምፊ ያለው ምክንያት ይስጡ።,,new,,,,
contributions.gate.save,contributions,Record the change,ለውጡን መዝግብ,,new,,,,
contributions.gate.saved,contributions,The policy was changed and recorded.,ፖሊሲው ተለውጦ ተመዝግቧል።,,new,,,,
contributions.gate.title,contributions,Contribution gate,የመዋጮ በር,,new,,,,
contributions.inactive,contributions,no longer active,ከአሁን በኋላ ንቁ አይደለም,,new,,,,
contributions.legendFlagged,contributions,"Flagged: the round is due and no qualifying contribution is attributed to it. A flag, not a verdict: it clears by itself once an entry is attributed.",ምልክት ተደርጎበታል፦ ዙሩ ጊዜው ደርሷል፤ ለእሱ የተሰጠ ብቁ መዋጮ የለም። ይህ ምልክት እንጂ ፍርድ አይደለም፤ መዝገብ ሲሰጥ ራሱ ይጠፋል።,,new,,,,
contributions.legendMet,contributions,Met: a qualifying contribution is attributed to this round.,ተሟልቷል፦ ብቁ መዋጮ ለዚህ ዙር ተሰጥቷል።,,new,,,,
contributions.legendNotDue,contributions,Not yet due: the round's draw has not been opened.,ገና አልደረሰም፦ የዙሩ እጣ አልተከፈተም።,,new,,,,
contributions.loading,contributions,Reading the contributions…,መዋጮዎቹን በማንበብ ላይ…,,new,,,,
contributions.memberHeader,contributions,Member,አባል,,new,,,,
contributions.noPartial,contributions,"An amount under the cycle's contribution does not count toward a round, and one entry pays one round.",ከዑደቱ መዋጮ ያነሰ መጠን ለአንድ ዙር አይቆጠርም፤ አንድ መዝገብም አንድ ዙር ብቻ ይከፍላል።,,new,,,,
contributions.roundHeader,contributions,Round {round},ዙር {round},{round},new,,,,
contributions.roundShort,contributions,R{round},ዙ{round},{round},new,,,,
contributions.scrollHint,contributions,Scroll sideways inside the table to see every round.,ሁሉንም ዙሮች ለማየት በሰንጠረዡ ውስጥ ወደ ጎን ይጥረጉ።,,new,,,,
contributions.sourceNote,contributions,"Under a met cell, ""bank"" is a bank-verified payment and ""treasurer"" was recorded by the treasurer, not bank-verified.","ከተሟላ ሳጥን በታች ""ባንክ"" በባንክ የተረጋገጠ ክፍያ ነው፤ ""ገንዘብ ያዥ"" በገንዘብ ያዥ የተመዘገበ እንጂ በባንክ ያልተረጋገጠ ነው።",,new,,,,
contributions.sourceShort.bank_verification,contributions,bank,ባንክ,,new,,,,
contributions.sourceShort.treasurer,contributions,treasurer,ገንዘብ ያዥ,,new,,,,
contributions.status.flagged,contributions,Flagged,ምልክት ተደርጎበታል,,new,,,,
contributions.status.met,contributions,Met,ተሟልቷል,,new,,,,
contributions.status.not_due,contributions,Not yet due,ገና አልደረሰም,,new,,,,
contributions.tableCaption,contributions,Each member's contribution status for every round of this cycle,የእያንዳንዱ አባል የመዋጮ ሁኔታ ለዚህ ዑደት ለእያንዳንዱ ዙር,,new,,,,
contributions.tally,contributions,{met} met · {flagged} flagged,{met} ተሟልቷል · {flagged} ምልክት የተደረገበት,{flagged} {met},new,,,,
contributions.title,contributions,Contributions by round,በዙር የተደረገ መዋጮ,,new,,,,
contributions.unavailable,contributions,The contributions could not be read. Nothing is shown rather than a guess.,መዋጮዎቹ ሊነበቡ አልቻሉም። ከመገመት ይልቅ ምንም አይታይም።,,new,,,,
contributions.won,contributions,won round {round},ዙር {round} አሸንፏል,{round},new,,,,
contributions.working,contributions,Working…,በመስራት ላይ…,,new,,,,
contributions.you,contributions,(you),(እርስዎ),,new,,,,
draw.demoBanner,draw,"DEMO — a practice draw with made-up members on this device. Nothing is recorded, nothing is paid, and it is not your group's draw.",ማሳያ — በዚህ መሣሪያ ላይ በምናባዊ አባላት የሚደረግ የልምምድ እጣ ነው። ምንም አይመዘገብም፤ ምንም አይከፈልም፤ የቡድንዎ እጣም አይደለም።,,new,,,,
draw.demoSignedOut,draw,Sign in to run a real draw for your group.,ለቡድንዎ እውነተኛ እጣ ለማውጣት ይግቡ።,,new,,,,
draw.demoUnconfigured,draw,"This build is not connected to a server, so only the demo is available.",ይህ ስሪት ከአገልጋይ ጋር አልተገናኘም፤ ስለዚህ ማሳያው ብቻ ይገኛል።,,new,,,,
draw.haptics.label,draw,Vibration feedback,የንዝረት ምልክት,,new,,,,
draw.haptics.off,draw,Off,ጠፍቷል,,new,,,,
draw.haptics.on,draw,On,በርቷል,,new,,,,
draw.haptics.reduced,draw,"Paused: your device asks for reduced motion, so the draw will not vibrate.",ቆሟል፤ መሣሪያዎ የተቀነሰ እንቅስቃሴ ስለጠየቀ እጣው አይንዝርም።,,new,,,,
draw.haptics.unsupported,draw,"This browser has no vibration support, so there is nothing to switch on. iPhones and iPads (Safari and every other iOS browser) cannot vibrate from a web page.",ይህ አሳሽ ንዝረትን አይደግፍም፤ ስለዚህ የሚበራ ነገር የለም። አይፎን እና አይፓድ (ሳፋሪም ሆነ ሌሎች የiOS አሳሾች) ከድረ-ገጽ መንዘር አይችሉም።,,new,latin-words:iOS,,,
drawLive.accountMissing,drawLive,not found in this group,በዚህ ቡድን ውስጥ አልተገኘም,,new,,,,
drawLive.badge.notReleased,drawLive,not released,አልለቀቀም,,new,,,,
drawLive.badge.notSealed,drawLive,not sealed,አልዘጋም,,new,,,,
drawLive.badge.released,drawLive,released,ለቋል,,new,,,,
drawLive.badge.sealed,drawLive,sealed,ዘግቷል,,new,,,,
drawLive.ceremonyTitle,drawLive,Run the draw (owner / treasurer),እጣውን አካሂድ (ባለቤት / ገንዘብ ያዥ),,new,,,,
drawLive.chooseGroup,drawLive,You are in more than one group. Choose one with the group switcher; the draw will not guess which one you mean.,ከአንድ በላይ ቡድን ውስጥ ነዎት። በቡድን መቀየሪያው አንዱን ይምረጡ፤ እጣው የትኛውን እንደሚፈልጉ አይገምትም።,,new,,,,
drawLive.commitAction,drawLive,Commit the draw,እጣውን ቆልፍ,,new,,,,
drawLive.commitDetail,drawLive,"Commit when enough members have sealed. The commitment covers the roster, the cycle's terms and exactly the seals stored on the server; you do not enter any of them.",በቂ አባላት ሲዘጉ ይቆልፉ። መቆለፊያው ዝርዝሩን፣ የዑደቱን ውሎች እና በአገልጋዩ የተቀመጡትን ማሸጊያዎች በትክክል ይሸፍናል፤ አንዳቸውንም አያስገቡም።,,new,,,,
drawLive.commitDone,drawLive,"Committed. The roster, the commitment and the seals are published. Members can now release their nonces; reveal once all have.",ተቆልፏል። ዝርዝሩ፣ መቆለፊያው እና ማሸጊያዎቹ ታትመዋል። አባላት አሁን ቁጥራቸውን መልቀቅ ይችላሉ፤ ሁሉም ሲለቁ ይግለጡ።,,new,,,,
drawLive.commitGateBlockedBody,drawLive,"{count} earlier round(s) are flagged and were not covered by the reason given when this draw was opened. The seals members have already made stay valid: record the missing payment, or give a reason, which is recorded for the whole group, to commit anyway.",{count} ቀደምት ዙር(ሮች) ምልክት ተደርጎባቸዋል፤ ይህ እጣ ሲከፈት በተሰጠው ምክንያትም አልተሸፈኑም። አባላት ያደረጓቸው ማሸጊያዎች የሚሰሩ ሆነው ይቆያሉ፦ የጎደለውን ክፍያ ይመዝግቡ፤ ወይም ለማንኛውም ለመቆለፍ ምክንያት ይስጡ፤ ምክንያቱ ለቡድኑ በሙሉ ይመዘገባል።,{count},new,,,,
drawLive.commitGateBlockedTitle,drawLive,Committing this draw is blocked,ይህን እጣ መቆለፍ ታግዷል,,new,,,,
drawLive.commitGateCarriedBody,drawLive,"{count} earlier round(s) are still flagged, but each was named in the reason recorded when this draw was opened, so no new reason is needed.",{count} ቀደምት ዙር(ሮች) አሁንም ምልክት ተደርጎባቸዋል፤ ነገር ግን እያንዳንዳቸው ይህ እጣ ሲከፈት በተመዘገበው ምክንያት ውስጥ ተጠቅሰዋል፤ ስለዚህ አዲስ ምክንያት አያስፈልግም።,{count},new,,,,
drawLive.commitGateCarriedTitle,drawLive,Already accepted when the draw was opened,እጣው ሲከፈት ተቀባይነት አግኝተዋል,,new,,,,
drawLive.commitGateOverrideAction,drawLive,Commit the draw with this reason,በዚህ ምክንያት እጣውን ቆልፍ,,new,,,,
drawLive.commitGateReason,drawLive,Reason for committing anyway (at least 10 characters),ለማንኛውም ለመቆለፍ ምክንያት (ቢያንስ 10 ቁምፊ),,new,,,,
drawLive.commitGateWarnBody,drawLive,{count} earlier round(s) have no qualifying contribution attributed. You can still commit this draw.,{count} ቀደምት ዙር(ሮች) ብቁ መዋጮ አልተሰጣቸውም። አሁንም ይህን እጣ መቆለፍ ይችላሉ።,{count},new,,,,
drawLive.commitGateWarnConfirm,drawLive,I have seen the flagged rounds and still want to commit this draw.,ምልክት የተደረገባቸውን ዙሮች አይቻለሁ፤ አሁንም ይህን እጣ መቆለፍ እፈልጋለሁ።,,new,,,,
drawLive.commitNeedOther,drawLive,At least one member other than you must seal first. Your own seal alone does not stop you choosing the winner.,መጀመሪያ ከእርስዎ ሌላ ቢያንስ አንድ አባል መዝጋት አለበት። የእርስዎ ማሸጊያ ብቻ አሸናፊውን እንዳይመርጡ አያግድዎትም።,,new,,,,
drawLive.compareAgree,drawLive,This device and the server agree.,ይህ መሣሪያና አገልጋዩ ይስማማሉ።,,new,,,,
drawLive.compareDevice,drawLive,This device (recomputed),ይህ መሣሪያ (እንደገና የተሰላ),,new,,,,
drawLive.compareDisagree,drawLive,"This device and the server DISAGREE. Trust the recomputation on this device, do not pay, and raise it with the group.",ይህ መሣሪያና አገልጋዩ አይስማሙም። በዚህ መሣሪያ የተሰላውን ይመኑ፤ አይክፈሉ፤ ለቡድኑ ያሳውቁ።,,new,,,,
drawLive.compareServer,drawLive,Server (claimed),አገልጋይ (የተነገረ),,new,,,,
drawLive.compareTitle,drawLive,This device vs the server,ይህ መሣሪያ ከአገልጋዩ ጋር,,new,,,,
drawLive.contributionLabel,drawLive,Contribution per member (ETB),የአንድ አባል መዋጮ (ብር),,new,,,,
drawLive.cycleComplete,drawLive,Every round of this cycle has been drawn.,የዚህ ዑደት ሁሉም ዙሮች ወጥተዋል።,,new,,,,
drawLive.cycleCreateAction,drawLive,Create the cycle,ዑደቱን ፍጠር,,new,,,,
drawLive.cycleCreateHint,drawLive,"The pot is the contribution times the members in the group today, fixed for the whole cycle. Rounds cannot exceed the members, because each member can be drawn once.",ድምሩ የአባል መዋጮ ከዛሬው የቡድን አባላት ብዛት ጋር ተባዝቶ ነው፤ ለዑደቱ በሙሉ የተወሰነ ነው። እያንዳንዱ አባል አንድ ጊዜ ብቻ ስለሚወጣ ዙሮች ከአባላት ብዛት መብለጥ አይችሉም።,,new,,,,
drawLive.cycleCreateTitle,drawLive,Create a cycle (owner / treasurer),ዑደት ይፍጠሩ (ባለቤት / ገንዘብ ያዥ),,new,,,,
drawLive.cycleEach,drawLive,"Contribution per member, per round",የአንድ አባል መዋጮ በዙር,,new,,,,
drawLive.cycleEachUnknown,drawLive,not recorded (an older cycle),አልተመዘገበም (የቆየ ዑደት),,new,,,,
drawLive.cycleGate,drawLive,Contribution gate,የመዋጮ በር,,new,,,,
drawLive.cycleInvalid,drawLive,"Check the name, the contribution, the rounds (1 to {members}, the number of members) and the reserve (0 to 33.33 %).",ስሙን፣ መዋጮውን፣ ዙሮቹን (ከ1 እስከ {members}፣ የአባላት ብዛት) እና ክምችቱን (ከ0 እስከ 33.33 %) ያረጋግጡ።,{members},new,,,,
drawLive.cycleName,drawLive,Cycle name,የዑደቱ ስም,,new,,,,
drawLive.cycleNoneMember,drawLive,No draw cycle has been created for your group yet. The owner or treasurer creates it.,ለቡድንዎ እስካሁን የእጣ ዑደት አልተፈጠረም። ባለቤቱ ወይም ገንዘብ ያዡ ይፈጥረዋል።,,new,,,,
drawLive.cycleNoneTreasurer,drawLive,"Your group has no draw cycle yet. Create one below: the contribution per member, the number of rounds and the reserve.",ቡድንዎ እስካሁን የእጣ ዑደት የለውም። ከታች ይፍጠሩ፦ የአባል መዋጮ፣ የዙሮች ብዛት እና የተያዘው ክምችት።,,new,,,,
drawLive.cyclePick,drawLive,Cycle,ዑደት,,new,,,,
drawLive.cyclePot,drawLive,Pot per round,የዙር ድምር,,new,,,,
drawLive.cyclePotMembers,drawLive,{count} members when created,ሲፈጠር {count} አባላት,{count},new,,,,
drawLive.cyclePotPreview,drawLive,Pot: {pot} = {count} members × {each},ድምር፦ {pot} = {count} አባላት × {each},{count} {each} {pot},new,,,,
drawLive.cycleProgress,drawLive,"{done} of {total} drawn, {paid} paid",ከ{total} {done} ወጥተዋል፣ {paid} ተከፍለዋል,{done} {paid} {total},new,,,,
drawLive.cycleReserve,drawLive,Reserve kept,የተያዘ ክምችት,,new,,,,
drawLive.cycleRosterDrift,drawLive,"The pot was sized for {was} members, but the group has {now} now. The draw uses the cycle's pot as recorded.",የዑደቱ ድምር ለ{was} አባላት የተሰላ ነው፤ አሁን ቡድኑ {now} አባላት አሉት። እጣው በዑደቱ የተመዘገበውን ድምር ይጠቀማል።,{now} {was},new,,,,
drawLive.cycleRounds,drawLive,Rounds,ዙሮች,,new,,,,
drawLive.cycleStarted,drawLive,Started,የተጀመረው,,new,,,,
drawLive.cycleTitle,drawLive,Cycle,ዑደት,,new,,,,
drawLive.disagree.digest,drawLive,The server's transcript digest differs from the recomputed one.,የአገልጋዩ የግልባጭ ሃሽ ከተሰላው ይለያል።,,new,,,,
drawLive.disagree.identity,drawLive,The round details do not match the published transcript.,የዙሩ ዝርዝር ከታተመው ግልባጭ ጋር አይመሳሰልም።,,new,,,,
drawLive.disagree.nonceDigest,drawLive,The server's member-nonce digest differs from the recomputed one.,የአገልጋዩ የአባላት ምስጢር ቁጥሮች ሃሽ ከተሰላው ይለያል።,,new,,,,
drawLive.disagree.payout,drawLive,The payout or reserve amount differs from the recomputed split.,የክፍያው ወይም የተጠባባቂው መጠን ከተሰላው ክፍፍል ይለያል።,,new,,,,
drawLive.disagree.recordedWinner,drawLive,The winner in the server's verification differs from the recomputed one.,በአገልጋዩ ማረጋገጫ ውስጥ ያለው አሸናፊ ከተሰላው ይለያል።,,new,,,,
drawLive.disagree.verdict,drawLive,The server's verdict differs from the recomputed one.,የአገልጋዩ ውሳኔ ከተሰላው ይለያል።,,new,,,,
drawLive.disagree.winner,drawLive,The winner the server recorded is not the winner the published values produce.,አገልጋዩ የመዘገበው አሸናፊ ከታተሙት እሴቶች ከሚወጣው አሸናፊ ጋር አይመሳሰልም።,,new,,,,
drawLive.drawLegacy,drawLive,older draw,የቆየ እጣ,,new,,,,
drawLive.drawReleaseCount,drawLive,{count} of {total} released,ከ{total} {count} ለቀዋል,{count} {total},new,,,,
drawLive.drawRow,drawLive,Round {round},ዙር {round},{round},new,,,,
drawLive.drawSealCount,drawLive,{count} sealed,{count} ዘግተዋል,{count},new,,,,
drawLive.drawsNone,drawLive,No draw has been opened for this cycle yet.,ለዚህ ዑደት እስካሁን እጣ አልተከፈተም።,,new,,,,
drawLive.drawsTitle,drawLive,Draws,እጣዎች,,new,,,,
drawLive.drawSuperseded,drawLive,replaced,ተተክቷል,,new,,,,
drawLive.error.alreadyCommitted,drawLive,A draw is already committed for this round.,ለዚህ ዙር እጣ አስቀድሞ ተቆልፏል።,,new,,,,
drawLive.error.alreadyRevealed,drawLive,This draw has already been revealed.,ይህ እጣ አስቀድሞ ተገልጧል።,,new,,,,
drawLive.error.badResponse,drawLive,"The server's reply was malformed, so it was not trusted.",የአገልጋዩ ምላሽ የተበላሸ ስለነበር አልታመነም።,,new,,,,
drawLive.error.commitGateBlocked,drawLive,"This draw cannot be committed yet: an active member has a flagged earlier round that was not covered when it was opened. The seals stay valid. Record the payment, or give a reason to commit anyway.",ይህ እጣ ገና ሊቆለፍ አይችልም፦ ንቁ አባል እጣው ሲከፈት ያልተሸፈነ ምልክት የተደረገበት ቀደም ያለ ዙር አለው። ማሸጊያዎቹ የሚሰሩ ሆነው ይቆያሉ። ክፍያውን ይመዝግቡ፤ ወይም ለማንኛውም ለመቆለፍ ምክንያት ይስጡ።,,new,,,,
drawLive.error.commitmentMismatch,drawLive,"The revealed values do not match the commitment, so the draw was refused.",የተገለጡት እሴቶች ከመቆለፊያው ጋር አይመሳሰሉም፤ ስለዚህ እጣው ተከልክሏል።,,new,,,,
drawLive.error.conflict,drawLive,"This request conflicts with one already recorded (same key, different contents, or already paid).",ይህ ጥያቄ አስቀድሞ ከተመዘገበው ጋር ይጋጫል (ተመሳሳይ ቁልፍ፣ የተለየ ይዘት፣ ወይም አስቀድሞ ተከፍሏል)።,,new,,,,
drawLive.error.cycleComplete,drawLive,"Every round of this cycle has been drawn, or the cycle is closed.",የዚህ ዑደት ሁሉም ዙሮች ወጥተዋል ወይም ዑደቱ ተዘግቷል።,,new,,,,
drawLive.error.forbidden,drawLive,Only the owner or treasurer of the group can do this.,ይህን ማድረግ የሚችሉት የቡድኑ ባለቤት ወይም ገንዘብ ያዥ ብቻ ናቸው።,,new,,,,
drawLive.error.gateBlocked,drawLive,This draw cannot be opened yet: an active member has a flagged earlier round. Give a reason to open it anyway.,ይህ እጣ ገና ሊከፈት አይችልም፦ ንቁ አባል ምልክት የተደረገበት ቀደም ያለ ዙር አለው። ለማንኛውም ለመክፈት ምክንያት ይስጡ።,,new,,,,
drawLive.error.generic,drawLive,Something went wrong. Try again.,የሆነ ችግር ተፈጥሯል። እንደገና ይሞክሩ።,,new,,,,
drawLive.error.integrity,drawLive,The server reported an integrity failure. Do not pay; raise it with the group.,አገልጋዩ የታማኝነት ስህተት ዘግቧል። አይክፈሉ፤ ለቡድኑ ያሳውቁ።,,new,,,,
drawLive.error.invalidRequest,drawLive,The server rejected the request as invalid. Check the values.,አገልጋዩ ጥያቄውን ልክ አይደለም ብሎ ውድቅ አደረገው። እሴቶቹን ያረጋግጡ።,,new,,,,
drawLive.error.memberMismatch,drawLive,"A member's opening does not match what they sealed, so the draw was refused.",የአንድ አባል መክፈቻ ከዘጋው ጋር አይመሳሰልም፤ ስለዚህ እጣው ተከልክሏል።,,new,,,,
drawLive.error.memberMissing,drawLive,Every sealed contribution must be opened. At least one is missing.,እያንዳንዱ የተዘጋ አስተዋጽዖ መከፈት አለበት። ቢያንስ አንዱ ጎድሏል።,,new,,,,
drawLive.error.network,drawLive,The server could not be reached. Check your connection.,አገልጋዩ ሊደረስበት አልተቻለም። ግንኙነትዎን ያረጋግጡ።,,new,,,,
drawLive.error.noEligible,drawLive,No member is eligible for this draw.,ለዚህ እጣ ብቁ የሆነ አባል የለም።,,new,,,,
drawLive.error.nonceTooEarly,drawLive,"The commitment is not published yet, so a nonce cannot be released. Wait for the treasurer to commit.",መቆለፊያው ገና አልታተመም፤ ስለዚህ ቁጥር መልቀቅ አይቻልም። ገንዘብ ያዡ እስኪቆልፍ ይጠብቁ።,,new,,,,
drawLive.error.notCommitted,drawLive,"This draw has not been committed or revealed yet, so this step cannot run.",ይህ እጣ ገና አልተቆለፈም ወይም አልተገለጠም፤ ስለዚህ ይህ ደረጃ አይሄድም።,,new,,,,
drawLive.error.notConfigured,drawLive,The server is not configured for the draw.,አገልጋዩ ለእጣ አልተዋቀረም።,,new,,,,
drawLive.error.notEligible,drawLive,"That member is not on this round's roster, so they cannot seal.",ያ አባል በዚህ ዙር ዝርዝር ውስጥ የለም፤ ስለዚህ መዝጋት አይችልም።,,new,,,,
drawLive.error.notFound,drawLive,"Not found: the draw, the cycle or the group does not exist (or you cannot see it).",አልተገኘም፦ እጣው፣ ዑደቱ ወይም ቡድኑ የለም (ወይም ማየት አይችሉም)።,,new,,,,
drawLive.error.rateLimited,drawLive,Too many requests. Wait a moment and try again.,ብዙ ጥያቄዎች። ትንሽ ቆይተው እንደገና ይሞክሩ።,,new,,,,
drawLive.error.repeatWinner,drawLive,That member has already won this cycle and cannot win again.,ያ አባል በዚህ ዑደት አስቀድሞ አሸንፏል፤ እንደገና ማሸነፍ አይችልም።,,new,,,,
drawLive.error.roundOutOfOrder,drawLive,Rounds must be drawn in order. Draw the earlier round first.,ዙሮች በቅደም ተከተል መውጣት አለባቸው። መጀመሪያ ቀደም ያለውን ዙር ያውጡ።,,new,,,,
drawLive.error.storage,drawLive,The server could not store or read the draw. Try again later.,አገልጋዩ እጣውን ማከማቸት ወይም ማንበብ አልቻለም። ቆይተው እንደገና ይሞክሩ።,,new,,,,
drawLive.error.unauthorized,drawLive,You are signed out or your session expired. Sign in again.,ወጥተዋል ወይም ክፍለ ጊዜዎ አብቅቷል። እንደገና ይግቡ።,,new,,,,
drawLive.error.unavailable,drawLive,The draw service is unavailable right now. Try again later.,የእጣ አገልግሎት አሁን አይገኝም። ቆይተው እንደገና ይሞክሩ።,,new,,,,
drawLive.expectedEach,drawLive,{each} expected,{each} የሚጠበቅ,{each},new,,,,
drawLive.gateBlockedBody,drawLive,"{count} earlier round(s) are flagged: no qualifying contribution is attributed to them. Round {round} cannot open until they are met, unless you give a reason, which is recorded for the whole group.",{count} ቀደምት ዙር(ሮች) ምልክት ተደርጎባቸዋል፦ ብቁ መዋጮ አልተሰጣቸውም። ምክንያት ካልሰጡ በቀር እነሱ እስኪሟሉ ዙር {round} አይከፈትም፤ ምክንያቱም ለቡድኑ በሙሉ ይመዘገባል።,{count} {round},new,,,,
drawLive.gateBlockedTitle,drawLive,Opening this draw is blocked,ይህን እጣ መክፈት ታግዷል,,new,,,,
drawLive.gateFlaggedRow,drawLive,{member}: round(s) {rounds},{member}፦ ዙር {rounds},{member} {rounds},new,,,,
drawLive.gateHint,drawLive,"Decides whether opening a draw looks at unmet earlier rounds. The owner or treasurer can change it later, with a recorded reason.",እጣ ሲከፈት ያልተሟሉ ቀደምት ዙሮች ይመረመሩ እንደሆነ ይወስናል። ባለቤቱ ወይም ገንዘብ ያዡ በኋላ ሊቀይረው ይችላል፤ ምክንያቱም ይመዘገባል።,,new,,,,
drawLive.gateLabel,drawLive,Contribution gate,የመዋጮ በር,,new,,,,
drawLive.gateOption.block,drawLive,Block: refuse unless the owner or treasurer gives a recorded reason,ማገድ፦ ባለቤቱ ወይም ገንዘብ ያዡ የተመዘገበ ምክንያት ካልሰጡ ይከለክላል,,new,,,,
drawLive.gateOption.off,drawLive,Off: never checked,ጠፍቷል፦ አይመረመርም,,new,,,,
drawLive.gateOption.warn,drawLive,Warn: list unmet rounds and ask to confirm,ማስጠንቀቂያ፦ ያልተሟሉ ዙሮችን ዘርዝሮ ማረጋገጫ ይጠይቃል,,new,,,,
drawLive.gateOverrideAction,drawLive,Open round {round} with this reason,በዚህ ምክንያት ዙር {round}ን ክፈት,{round},new,,,,
drawLive.gateOverrideNote,drawLive,"The reason, your name and the flagged rounds are recorded where every member can read them.",ምክንያቱ፣ ስምዎና ምልክት የተደረገባቸው ዙሮች ማንኛውም አባል ሊያነበው በሚችልበት ቦታ ይመዘገባሉ።,,new,,,,
drawLive.gateOverrideReason,drawLive,Reason for opening anyway (at least 10 characters),ለማንኛውም ለመክፈት ምክንያት (ቢያንስ 10 ቁምፊ),,new,,,,
drawLive.gateOverrideShort,drawLive,Please give a reason of at least 10 characters.,ቢያንስ 10 ቁምፊ ያለው ምክንያት ይስጡ።,,new,,,,
drawLive.gateWarnBody,drawLive,{count} earlier round(s) have no qualifying contribution attributed. You can still open round {round}.,{count} ቀደምት ዙር(ሮች) ብቁ መዋጮ አልተሰጣቸውም። አሁንም ዙር {round}ን መክፈት ይችላሉ።,{count} {round},new,,,,
drawLive.gateWarnConfirm,drawLive,I have seen the flagged rounds and still want to open this draw.,ምልክት የተደረገባቸውን ዙሮች አይቻለሁ፤ አሁንም ይህን እጣ መክፈት እፈልጋለሁ።,,new,,,,
drawLive.gateWarnTitle,drawLive,Earlier rounds are flagged,ቀደምት ዙሮች ምልክት ተደርጎባቸዋል,,new,,,,
drawLive.keepSecret,drawLive,"The nonce is kept in this browser until you release it and is never shown. If you clear site data before the reveal, it is lost.",ቁጥሩ እስኪለቁት ድረስ በዚህ አሳሽ ይቀመጣል፤ በጭራሽ አይታይም። ከመግለጫው በፊት የጣቢያ ውሂብ ካጠፉ ይጠፋል።,,new,,,,
drawLive.ledgerEmpty,drawLive,"The ledger has no entries yet, so nothing has been recorded for this cycle.",ደብተሩ እስካሁን ምንም መዝገብ የለውም፤ ስለዚህ ለዚህ ዑደት ምንም አልተመዘገበም።,,new,,,,
drawLive.ledgerIncomplete,drawLive,"This cycle has more ledger entries than could be read in one go, so a total would be a guess and none is shown.",ይህ ዑደት በአንድ ጊዜ ሊነበቡ ከሚችሉት በላይ የደብተር መዝገቦች አሉት፤ ድምሩ ግምት ይሆናል ስለዚህ አልታየም።,,new,,,,
drawLive.ledgerLoading,drawLive,Reading the ledger...,ደብተሩን በማንበብ ላይ...,,new,,,,
drawLive.ledgerNoMember,drawLive,"These figures cover everything recorded since the cycle began, not one round, and entries nobody has attributed cannot be credited to any member. Who has paid which round is in the grid above; a member with no met cell there has no qualifying attributed entry, which does not mean they have not paid.",እነዚህ አሃዞች ዑደቱ ከተጀመረ ወዲህ የተመዘገበውን ሁሉ ይሸፍናሉ እንጂ አንድ ዙር አይደሉም፤ ማንም ያልሰጣቸው መዝገቦችም ለማንም አባል ሊሰጡ አይችሉም። የትኛው አባል የትኛውን ዙር እንደከፈለ ከላይ ባለው ሰንጠረዥ አለ፤ በዚያ የተሟላ ሳጥን የሌለው አባል ብቁ የተሰጠው መዝገብ የለውም ማለት ነው፤ ይህ ግን አልከፈለም ማለት አይደለም።,,new,,,,
drawLive.ledgerRecorded,drawLive,Recorded in the ledger since {date}: {total} {currency} in {count} contribution entries.,ከ{date} ጀምሮ በደብተሩ የተመዘገበ፦ {total} {currency} በ{count} የመዋጮ መዝገቦች።,{count} {currency} {date} {total},new,,,,
drawLive.ledgerTitle,drawLive,What the ledger shows,ደብተሩ የሚያሳየው,,new,,,,
drawLive.ledgerTreasurerMark,drawLive,"recorded by the treasurer, not bank-verified",በገንዘብ ያዥ የተመዘገበ፣ በባንክ ያልተረጋገጠ,,new,,,,
drawLive.ledgerUnattributed,drawLive,"{count} entries ({total} {currency}) are not attributed to any member: they have no bank verification and the treasurer has not recorded who paid, so the ledger cannot say which member paid them.",{count} መዝገቦች ({total} {currency}) ለማንም አባል አልተሰጡም፤ የባንክ ማረጋገጫ የላቸውም፤ ገንዘብ ያዡም ማን እንደከፈለ አልመዘገበም፤ ስለዚህ ደብተሩ የትኛው አባል እንደከፈላቸው መናገር አይችልም።,{count} {currency} {total},new,,,,
drawLive.ledgerUnavailable,drawLive,"The ledger could not be read, so no figures are shown.",ደብተሩ ሊነበብ አልቻለም፤ ስለዚህ ምንም አሃዝ አልታየም።,,new,,,,
drawLive.legacyNote,drawLive,"This draw was committed before draws were created on the server. It can be read and verified, but not completed from here.",ይህ እጣ እጣዎች በአገልጋዩ መፈጠር ከመጀመራቸው በፊት ተቆልፏል። ማንበብና ማረጋገጥ ይቻላል፤ ከዚህ ማጠናቀቅ ግን አይቻልም።,,new,,,,
drawLive.lifecycle.committed,drawLive,committed,ተቆልፏል,,new,,,,
drawLive.lifecycle.paid,drawLive,paid,ተከፍሏል,,new,,,,
drawLive.lifecycle.revealed,drawLive,revealed,ተገልጧል,,new,,,,
drawLive.lifecycle.sealing,drawLive,sealing,በመዝጋት ላይ,,new,,,,
drawLive.liveBadge,drawLive,LIVE — this draw is recorded for your group on the server. Every result is recomputed on this device.,ቀጥታ — ይህ እጣ ለቡድንዎ በአገልጋዩ ላይ ይመዘገባል። እያንዳንዱ ውጤት በዚህ መሣሪያ ላይ እንደገና ይሰላል።,,new,,,,
drawLive.loadError,drawLive,The group or its members could not be loaded. Try again later.,ቡድኑ ወይም አባላቱ ሊጫኑ አልቻሉም። ቆይተው እንደገና ይሞክሩ።,,new,,,,
drawLive.loading,drawLive,Loading your group...,ቡድንዎን በመጫን ላይ...,,new,,,,
drawLive.memberAnonymous,drawLive,Member {id},አባል {id},{id},new,,,,
drawLive.mineDetail,drawLive,"Before the treasurer commits, seal a secret nonce. It is made and kept on this device; only its hash is sent. After the commitment is published, release the nonce: the server checks it against your seal.",ገንዘብ ያዡ ከመቆለፉ በፊት ሚስጥራዊ ቁጥር ይዝጉ። የሚፈጠረውና የሚቀመጠው በዚህ መሣሪያ ነው፤ የሚላከው ሃሹ ብቻ ነው። መቆለፊያው ከታተመ በኋላ ቁጥሩን ይልቀቁ፤ አገልጋዩ ከዘጉት ጋር ያመሳስለዋል።,,new,,,,
drawLive.mineTitle,drawLive,Your part in this draw,በዚህ እጣ የእርስዎ ድርሻ,,new,,,,
drawLive.noGroup,drawLive,"You are not in a group yet, so there is no draw to run. Open an invite link to join one.",እስካሁን በማንኛውም ቡድን ውስጥ የሉም፤ ስለዚህ የሚወጣ እጣ የለም። ለመቀላቀል የግብዣ አገናኝ ይክፈቱ።,,new,,,,
drawLive.nonceProgress,drawLive,{released} of {total} sealed members have released their nonce.,ከዘጉት {total} አባላት {released} ቁጥራቸውን ለቀዋል።,{released} {total},new,,,,
drawLive.openAction,drawLive,Open the draw for round {round},የዙር {round} እጣ ክፈት,{round},new,,,,
drawLive.openDetail,drawLive,Opening a draw creates its ID on the server and lets members seal. The seed is generated on this device when you commit and stays here until the reveal.,እጣ መክፈት መለያውን በአገልጋዩ ይፈጥርና አባላት እንዲዘጉ ያስችላል። ዘሩ ሲቆልፉ በዚህ መሣሪያ ይፈጠራል፤ እስከ መግለጫው እዚህ ይቆያል።,,new,,,,
drawLive.payoutAction,drawLive,Post payout to the ledger,ክፍያውን በደብተሩ ላይ መዝግብ,,new,,,,
drawLive.payoutAlready,drawLive,This draw has been paid.,ይህ እጣ ተከፍሏል።,,new,,,,
drawLive.payoutAmount,drawLive,Amount paid,የሚከፈለው መጠን,,new,,,,
drawLive.payoutBlocked,drawLive,"Payout is not offered: this device has not verified the draw, or it disagrees with the server.",ክፍያ አይቀርብም፦ ይህ መሣሪያ እጣውን አላረጋገጠም ወይም ከአገልጋዩ ጋር አይስማማም።,,new,,,,
drawLive.payoutConfirm,drawLive,I confirm this payout. It is posted to the ledger and cannot be deleted; a mistake needs a correction entry.,ይህን ክፍያ አረጋግጫለሁ። በደብተሩ ላይ ይመዘገባል፤ ሊሰረዝ አይችልም፤ ስህተት ካለ የማስተካከያ መዝገብ ያስፈልጋል።,,new,,,,
drawLive.payoutCredit,drawLive,Credit (cash),አበዳሪ (ጥሬ ገንዘብ),,new,,,,
drawLive.payoutDebit,drawLive,Debit (expense),ተበዳሪ (ወጪ),,new,,,,
drawLive.payoutDetail,drawLive,"This posts a real disbursement to the ledger. Check the winner, the amount and both accounts before confirming.",ይህ እውነተኛ የክፍያ መዝገብ በደብተሩ ላይ ይመዘግባል። ከማረጋገጥዎ በፊት አሸናፊውን፣ መጠኑንና ሁለቱንም ሂሳቦች ያረጋግጡ።,,new,,,,
drawLive.payoutDone,drawLive,Payout posted as ledger entry #{sequence}.,ክፍያው እንደ ደብተር መዝገብ #{sequence} ተመዝግቧል።,{sequence},new,,,,
drawLive.payoutMissingAccounts,drawLive,"This group has no POT_CASH or PAYOUT_EXPENSE account, so nothing was posted.",ይህ ቡድን POT_CASH ወይም PAYOUT_EXPENSE ሂሳብ የለውም፤ ስለዚህ ምንም አልተመዘገበም።,,new,latin-words:CASH EXPENSE PAYOUT POT,,,
drawLive.payoutReplayed,drawLive,This payout was already posted (ledger entry #{sequence}); nothing was paid twice.,ይህ ክፍያ አስቀድሞ ተመዝግቧል (የደብተር መዝገብ #{sequence})፤ ሁለት ጊዜ አልተከፈለም።,{sequence},new,,,,
drawLive.payoutReserve,drawLive,Reserve kept in the pot,በድምሩ የሚቀመጥ ተጠባባቂ,,new,,,,
drawLive.payoutTitle,drawLive,Pay the winner,አሸናፊውን ክፈል,,new,,,,
drawLive.payoutWinner,drawLive,Winner,አሸናፊ,,new,,,,
drawLive.refresh,drawLive,Refresh,አድስ,,new,,,,
drawLive.releaseAction,drawLive,Release my nonce,ቁጥሬን ልቀቅ,,new,,,,
drawLive.releaseClosed,drawLive,"The reveal has been requested, so nonces can no longer be released.",መግለጫው ተጠይቋል፤ ስለዚህ ቁጥሮች ከእንግዲህ አይለቀቁም።,,new,,,,
drawLive.releaseDone,drawLive,Your nonce is released. It is revealed to the group together with the seed.,ቁጥርዎ ተለቋል። ከዘሩ ጋር ለቡድኑ ይገለጣል።,,new,,,,
drawLive.releaseMismatch,drawLive,"The seal in the commitment is not the one this device made, so the nonce here would not open it. Tell the treasurer.",በመቆለፊያው ያለው ማሸጊያ ይህ መሣሪያ የሠራው አይደለም፤ ስለዚህ እዚህ ያለው ቁጥር አይከፍተውም። ለገንዘብ ያዡ ይንገሩ።,,new,,,,
drawLive.releaseMissingSeal,drawLive,"A commitment is published, but your seal is not in it. Do not release anything; raise it with the group.",መቆለፊያ ታትሟል፤ ነገር ግን ማሸጊያዎ በውስጡ የለም። ምንም አይልቀቁ፤ ለቡድኑ ያሳውቁ።,,new,,,,
drawLive.releaseNoLocal,drawLive,"This device no longer holds the nonce for your seal, so it cannot be released. Tell the treasurer; if sealing is still open you can replace your seal.",ይህ መሣሪያ ለማሸጊያዎ የሚሆነውን ቁጥር አይዝም፤ ስለዚህ መልቀቅ አይቻልም። ለገንዘብ ያዡ ይንገሩ፤ መዝጋት ገና ክፍት ከሆነ ማሸጊያዎን መተካት ይችላሉ።,,new,,,,
drawLive.releaseReady,drawLive,The treasurer's commitment is published and contains your seal. You can release your nonce now.,የገንዘብ ያዡ መቆለፊያ ታትሟል፤ ማሸጊያዎንም ይዟል። አሁን ቁጥርዎን መልቀቅ ይችላሉ።,,new,,,,
drawLive.releaseWait,drawLive,Do not release your nonce yet. It can be released only after the treasurer commits; released earlier it would let the treasurer pick the winner. The server refuses it too.,ቁጥርዎን ገና አይልቀቁ። ገንዘብ ያዡ ከቆለፈ በኋላ ብቻ ነው የሚለቀቀው፤ ቀድሞ ቢለቀቅ ገንዘብ ያዡ አሸናፊውን እንዲመርጥ ያስችለዋል። አገልጋዩም አይቀበልም።,,new,,,,
drawLive.reserveLabel,drawLive,Reserve kept (%),የሚቀመጥ ተጠባባቂ (%),,new,,,,
drawLive.revealAction,drawLive,Reveal and draw,ግለጥና አውጣ,,new,,,,
drawLive.revealDetail,drawLive,Reveal with your seed once every sealed member has released their nonce. The server publishes the seed and the nonces together; you do not enter the nonces.,ሁሉም የዘጉ አባላት ቁጥራቸውን ከለቀቁ በኋላ በዘርዎ ይግለጡ። አገልጋዩ ዘሩንና ቁጥሮቹን በአንድ ላይ ያትማል፤ ቁጥሮቹን አያስገቡም።,,new,,,,
drawLive.revealNoSeed,drawLive,"This device no longer holds the seed for this draw, so it cannot be revealed from here.",ይህ መሣሪያ ለዚህ እጣ ዘሩን አልያዘም፤ ስለዚህ ከዚህ መግለጥ አይቻልም።,,new,,,,
drawLive.revealWaiting,drawLive,Waiting for {pending} member(s) to release their nonce.,{pending} አባል(ላት) ቁጥራቸውን እስኪለቁ በመጠበቅ ላይ።,{pending},new,,,,
drawLive.role.member,drawLive,Member,አባል,,new,,,,
drawLive.role.owner,drawLive,Owner,ባለቤት,,new,,,,
drawLive.role.treasurer,drawLive,Treasurer,ገንዘብ ያዥ,,new,,,,
drawLive.roleMemberNote,drawLive,"As a member you can seal your own nonce, release it after the commitment, and verify any revealed draw. Only the owner or treasurer can create cycles, commit, reveal or pay.",እንደ አባል የራስዎን ቁጥር መዝጋት፣ ከመቆለፊያው በኋላ መልቀቅ እና የተገለጠን እጣ ሁሉ ማረጋገጥ ይችላሉ። ዑደት መፍጠር፣ መቆለፍ፣ መግለጥ ወይም መክፈል የሚችሉት ባለቤቱ ወይም ገንዘብ ያዡ ብቻ ናቸው።,,new,,,,
drawLive.roleTreasurerNote,drawLive,"You can create cycles, open draws, commit, reveal and pay. Every member can seal, release and verify.",ዑደት መፍጠር፣ እጣ መክፈት፣ መቆለፍ፣ መግለጥ እና መክፈል ይችላሉ። ሁሉም አባላት መዝጋት፣ መልቀቅ እና ማረጋገጥ ይችላሉ።,,new,,,,
drawLive.rosterTitle,drawLive,Group roster,የቡድኑ አባላት,,new,,,,
drawLive.sealAction,drawLive,Seal my nonce,ቁጥሬን ዝጋ,,new,,,,
drawLive.sealClosed,drawLive,"Sealing is closed: the treasurer has committed, and you did not seal, so you have no nonce to release.",መዝጋት ተጠናቋል፤ ገንዘብ ያዡ ቆልፏል እና እርስዎ አልዘጉም፤ ስለዚህ የሚለቁት ቁጥር የለዎትም።,,new,,,,
drawLive.sealDone,drawLive,Your seal is stored on the server. The nonce stays on this device.,ማሸጊያዎ በአገልጋዩ ተቀምጧል። ቁጥሩ በዚህ መሣሪያ ይቆያል።,,new,,,,
drawLive.sealMismatch,drawLive,"The seal the server holds is not the one this device made, so this device cannot release a matching nonce. Replace your seal while the draw is still sealing.",አገልጋዩ የያዘው ማሸጊያ ይህ መሣሪያ የሠራው አይደለም፤ ስለዚህ ይህ መሣሪያ የሚስማማ ቁጥር መልቀቅ አይችልም። እጣው አሁንም በመዝጋት ላይ ሳለ ማሸጊያዎን ይተኩ።,,new,,,,
drawLive.sealNotEligible,drawLive,"You are not on this round's roster (for example, you may already have won this cycle), so you cannot seal.",በዚህ ዙር ዝርዝር ውስጥ የሉም (ለምሳሌ በዚህ ዑደት አስቀድመው አሸንፈው ይሆናል)፤ ስለዚህ መዝጋት አይችሉም።,,new,,,,
drawLive.sealProgress,drawLive,{sealed} of {total} eligible members have sealed.,ከ{total} ብቁ አባላት {sealed} ዘግተዋል።,{sealed} {total},new,,,,
drawLive.sealReplaceAction,drawLive,Replace my seal,ማሸጊያዬን ተካ,,new,,,,
drawLive.seedNote,drawLive,"The seed stays on this device until the reveal, but the server computes the commitment, so it sees the seed when you commit.",ዘሩ እስከ መግለጥ ድረስ በዚህ መሣሪያ ላይ ይቆያል፤ ነገር ግን መቆለፊያውን የሚያሰላው አገልጋዩ ነው፤ ስለዚህ ሲቆልፉ ዘሩን ያየዋል።,,new,,,,
drawLive.state.committed,drawLive,committed,ተቆልፏል,,new,,,,
drawLive.state.paid,drawLive,paid,ተከፍሏል,,new,,,,
drawLive.state.revealed,drawLive,revealed,ተገልጧል,,new,,,,
drawLive.stateLine,drawLive,State: {state},ሁኔታ፦ {state},{state},new,,,,
drawLive.totalRoundsLabel,drawLive,Rounds in the cycle,በዑደቱ ያሉ ዙሮች,,new,,,,
drawLive.verdictFail,drawLive,Does not verify,አልተረጋገጠም,,new,,,,
drawLive.verdictOk,drawLive,Verified,ተረጋግጧል,,new,,,,
drawLive.verifyNotRevealed,drawLive,"The seed has not been revealed yet, so there is no winner to verify.",ዘሩ ገና አልተገለጠም፤ ስለዚህ የሚረጋገጥ አሸናፊ የለም።,,new,,,,
drawLive.working,drawLive,Working...,በሂደት ላይ...,,new,,,,
drawLive.you,drawLive,(you),(እርስዎ),,new,,,,
drawRisk.adequate,drawRisk,The reserve covers one member's default,ማስጠንቀቂያው አንድ አባላት የሚልበውን ገንዘብ ያሽላል,,new,,,,
drawRisk.aria,drawRisk,Default risk assessment,የክምት አደጋ ምዘና,,new,,,,
drawRisk.covers,drawRisk,The reserve can absorb {count} member default(s) of what they still owe.,አንድ አባላት ካልተከፈለ የሚያዘግየውን ለይቶ በ {count} ይችላል።,{count},new,,,,
drawRisk.inadequate,drawRisk,The reserve is not enough — the round needs a member review,ማስጠንቀቂያው አይበቃም — ዙሩ በአባላት ውስጥ ይገመገማል,,new,,,,
drawRisk.note.base_reserve,drawRisk,Base reserve is {amount} {currency} ({bps} bps of the pot).,መነሻ ክምችቱ {amount} {currency} ነው (ከድምሩ {bps} bps)።,{amount} {bps} {currency},new,latin-words:bps,,,
drawRisk.note.cannot_absorb,drawRisk,The reserve cannot absorb even one member's default. Treat the remaining rounds as at risk.,ክምችቱ የአንድ አባልን ጉድለት እንኳ መሸከም አይችልም። ቀሪዎቹን ዙሮች አደጋ ላይ እንዳሉ ይቁጠሩ።,,new,,,,
drawRisk.note.capped,drawRisk,"Covering the full exposure would need {needed} {currency}, above the {bps} bps ceiling, so the reserve is capped. The cycle is under-funded and needs a member vote.",ሙሉ ተጋላጭነቱን ለመሸፈን {needed} {currency} ያስፈልግ ነበር፤ ይህ ከ{bps} bps ጣሪያ ይበልጣል፤ ስለዚህ ክምችቱ ተገድቧል። ዑደቱ ያነሰ ገንዘብ አለው፤ የአባላት ድምፅ ያስፈልገዋል።,{bps} {currency} {needed},new,latin-words:bps,,,
drawRisk.note.coverage,drawRisk,The reserve covers {percent}% of the {owed} {currency} still owed across the remaining rounds.,ክምችቱ በቀሪዎቹ ዙሮች ገና ከሚከፈለው {owed} {currency} ውስጥ {percent}% ይሸፍናል።,{currency} {owed} {percent},new,,,,
drawRisk.note.final_round,drawRisk,"This is the final round, so no member retains contribution exposure.",ይህ የመጨረሻ ዙር ነው፤ ስለዚህ ማንም አባል የመዋጮ ተጋላጭነት የለውም።,,new,,,,
drawRisk.note.member_exposure,drawRisk,"A member drawn this round still owes {amount} {currency} across the remaining rounds, so the reserve is raised to cover one member's default.",በዚህ ዙር የወጣ አባል በቀሪዎቹ ዙሮች ገና {amount} {currency} ይበደራል፤ ስለዚህ ክምችቱ የአንድ አባልን ጉድለት ለመሸፈን ይጨምራል።,{amount} {currency},new,,,,
drawRisk.payout,drawRisk,Paid out,የሚከፈለው,,new,,,,
drawRisk.pot,drawRisk,Pot,የመሶብ ጠቅላላ,,new,,,,
drawRisk.reserve,drawRisk,Reserve kept,የተጠበቀ ማስጠንቀቂያ,,new,,,,
drawRisk.title,drawRisk,Default risk assessment,የክምት አደጋ ምዘና,,new,,,,
drawVerify.aria,drawVerify,Draw verification,የእጣ ማረጋገጫ,,new,,,,
drawVerify.badge,drawVerify,On this device only,በመሣሪያዎ ብቻ,,new,,,,
drawVerify.digest,drawVerify,Transcript digest,የግል ድምር,,new,,,,
drawVerify.err.commitment_mismatch,drawVerify,The revealed seed does not reproduce the published commitment.,የተገለጠው ዘር የታተመውን መቆለፊያ አያመነጭም።,,new,,,,
drawVerify.err.incomplete_transcript,drawVerify,"The published values are incomplete (for example the seed has not been revealed yet), so the draw cannot be verified.",የታተሙት እሴቶች ያልተሟሉ ናቸው (ለምሳሌ ዘሩ ገና አልተገለጠም)፤ ስለዚህ እጣው ሊረጋገጥ አይችልም።,,new,,,,
drawVerify.err.member_commitment_mismatch,drawVerify,"A member's nonce does not open what they sealed, or the set of sealed members was changed.",የአንድ አባል ቁጥር የዘጉትን አይከፍትም፤ ወይም የዘጉት አባላት ስብስብ ተለውጧል።,,new,,,,
drawVerify.err.ok,drawVerify,Verified.,ተረጋግጧል።,,new,,,,
drawVerify.err.roster_mismatch,drawVerify,The roster or a ticket was changed after the commitment.,ዝርዝሩ ወይም አንድ ትሪት ከመቆለፊያው በኋላ ተለውጧል።,,new,,,,
drawVerify.err.selection_mismatch,drawVerify,The winner does not follow from the published values.,አሸናፊው ከታተሙት እሴቶች አይመነጭም።,,new,,,,
drawVerify.err.suspicious_commitment_history,drawVerify,Commitments for this round were abandoned.,ለዚህ ዙር የተተዉ መቆለፊያዎች አሉ።,,new,,,,
drawVerify.intro,drawVerify,Read the figures below aloud to another member and compare them. Nothing here depends on trusting the server.,ከዚህ በታች ያለውን አሃዞች አንድ ሰው ሌላ ሰው ሲል በእጅጉ ይርምራል። አገልግሎቱ በመኖሩ ላይ አይተካም።,,new,,,,
drawVerify.notApplicable,drawVerify,(n/a),(የለም),,new,,,,
drawVerify.notComputed,drawVerify,(not computed),(አልተሰላም),,new,,,,
drawVerify.notRevealed,drawVerify,(not revealed),(አልተገለጠም),,new,,,,
drawVerify.running,drawVerify,Running…,በመሮጥን ላይ…,,new,,,,
drawVerify.showAll,drawVerify,Show every published value,የተወጡ ሁሉንም አሃዞች አሳይ,,new,,,,
drawVerify.srFailed,drawVerify,The draw did not verify.,እጣው አልተረጋገጠም።,,new,,,,
drawVerify.srVerified,drawVerify,The draw verified on this device.,እጣው በዚህ መሣሪያ ላይ ተረጋግጧል።,,new,,,,
drawVerify.tampered,drawVerify,Tampering detected,ማስተካከል ተለይቷል,,new,,,,
drawVerify.ticket,drawVerify,Ticket,ትሪት,,new,,,,
drawVerify.ticketsNote,drawVerify,Tickets: each member's ticket is derived from their identity alone.,ትሪቶች — ለእያንዳንዱ አባላት ከስሙ ብቻ የሚለወጥ ናቸው።,,new,,,,
drawVerify.title,drawVerify,"Step 3 — verify for free, on your own phone",ደረጃ 3 — ነጻ በስልክህ ማረጋገጥ,,new,,,,
drawVerify.unverified,drawVerify,Not verified yet,ገና አልተረጋግጠም,,new,,,,
drawVerify.verified,drawVerify,Verified,ተረጋግጧል,,new,,,,
drawVerify.warn.abandoned_commitments,drawVerify,"{count} commitment(s) for this round were created and then abandoned. That is the signature of a treasurer searching seeds for a preferred winner, so put this draw to a member vote before treating the payout as final.",ለዚህ ዙር {count} መቆለፊያ(ዎች) ተፈጥረው ተተዋል። ይህ ገንዘብ ያዡ የሚፈልገውን አሸናፊ ለማግኘት ዘሮችን የመፈለግ ምልክት ነው፤ ስለዚህ ክፍያውን የመጨረሻ ከማድረግዎ በፊት ይህን እጣ ለአባላት ድምፅ ያቅርቡ።,{count},new,,,,
drawVerify.warn.recorded_digest_mismatch,drawVerify,The transcript digest recorded by the server does not match the recomputed one.,አገልጋዩ የመዘገበው የግልባጭ ድምር እንደገና ከተሰላው ጋር አይመሳሰልም።,,new,,,,
drawVerify.warn.recorded_winner_mismatch,drawVerify,The winner recorded by the server does not match the winner the published values produce.,አገልጋዩ የመዘገበው አሸናፊ ከታተሙት እሴቶች ከሚመነጨው አሸናፊ ጋር አይመሳሰልም።,,new,,,,
drawVerify.winner,drawVerify,Winner,አሸናፊ,,new,,,,
governance.advisory,governance,Advisory only. Nothing here is saved or written to your ledger. Your members decide what to adopt.,ምክር ብቻ ነው። እዚህ ያለው ምንም አይቀመጥም፤ ወደ ደብተርዎም አይጻፍም። የሚጸድቀውን አባላት ይወስናሉ።,,new,,,,
governance.back,governance,Back,ተመለስ,,new,,,,
governance.cite.abebe2022.finding,governance,"Algorithmic mechanism design for ROSCAs, fair pot allocation, and default minimization.",ለዕቁብ የስልተ ቀመር ዘዴ ንድፍ፣ ፍትሐዊ የገንዘብ ድልድልና ያለመክፈልን መቀነስ።,,new,,,,
governance.cite.besley1993.finding,governance,Theoretical foundations of ROSCA efficiency and social enforcement.,የዕቁብ ቅልጥፍናና የማኅበራዊ ማስፈጸም የንድፈ ሐሳብ መሠረት።,,new,,,,
governance.cite.confirmed,governance,Found in ScholarXIV search,በ ScholarXIV ፍለጋ ተገኝቷል,,new,,,,
governance.cite.dercon2006.finding,governance,Empirical evidence on informal risk-sharing resilience in Ethiopia.,በኢትዮጵያ ስለ ኢመደበኛ አደጋ መጋራት ጽናት የተጨባጭ ማስረጃ።,,new,,,,
governance.cite.journal,governance,Journal article; no arXiv link,የመጽሔት ጽሑፍ፤ የ arXiv አገናኝ የለም,,new,latin-words:arXiv,,,
governance.cite.kester2013.finding,governance,Integration models bridging grassroots community finance and formal mobile money infrastructure.,መሠረታዊ የማኅበረሰብ ፋይናንስንና መደበኛ የሞባይል ገንዘብ መሠረተ ልማትን የሚያገናኙ ሞዴሎች።,,new,,,,
governance.cite.notFound,governance,Not found in ScholarXIV search,በ ScholarXIV ፍለጋ አልተገኘም,,new,,,,
governance.cite.openArxiv,governance,Open arXiv:{id},arXiv:{id} ክፈት,{id},new,latin-words:arXiv,,,
governance.cite.sowon2023.finding,governance,Conversational trust and audio interaction in East African mobile financial ecosystems.,በምሥራቅ አፍሪካ የሞባይል ገንዘብ ሥነ ምህዳር የውይይት እምነትና የድምጽ ግንኙነት።,,new,,,,
governance.cite.wang2021.finding,governance,Formal banking and informal community credit coexist when verification costs are addressed.,የማረጋገጫ ወጪ ሲፈታ መደበኛ ባንክና ኢመደበኛ የማኅበረሰብ ብድር አብረው ይኖራሉ።,,new,,,,
governance.clause.default.reserve.rationale,governance,"This uses the same default-risk model as the draw engine, so the advice and the draw cannot disagree. The reserve is raised to cover one member's remaining shares but is capped at a third of the pot; where full cover would exceed the cap, the earlier winners (who owe the most) are the ones asked for a guarantor. The base percentages are this project's defaults. The savings-circle literature on default and fair pot allocation is why a win should not mean walking away with the whole pot.",ይህ እንደ እጣ ሞተሩ ተመሳሳይ የብድር አለመመለስ አደጋ ሞዴል ይጠቀማል፤ ስለዚህ ምክሩና እጣው አይጋጩም። መጠባበቂያው የአንድ አባል ቀሪ ድርሻ እስኪሸፍን ይጨምራል፤ ነገር ግን ከማሸነፊያው ገንዘብ አንድ ሦስተኛ አይበልጥም፤ ሙሉ ሽፋን ከጣሪያው ሲበልጥ ዋስ የሚጠየቁት ቀደም ብለው ያሸነፉ (ብዙ የሚከፍሉ) ናቸው። የመሠረት መቶኛዎቹ የዚህ ፕሮጀክት ነባሪ እሴቶች ናቸው። ስለ ብድር አለመመለስና ስለ ፍትሐዊ የገንዘብ ድልድል የተጻፉ የቁጠባ ክበብ ጥናቶች አሸናፊነት ሙሉውን ገንዘብ ይዞ መሄድ ማለት መሆን እንደሌለበት ያብራራሉ።,,new,,,,
governance.clause.default.reserve.summary,governance,"Hold back {reservePercent}% of the pot as a base reserve; for a first-round winner that is {reserve} ETB, paid out {payout} ETB. Through round {guarantorRound}, a winner must name a guarantor, because the reserve alone cannot cover the {exposure} ETB that winner could still owe.",ከማሸነፊያው ገንዘብ {reservePercent}% እንደ መሠረታዊ መጠባበቂያ ይያዝ፤ ለመጀመሪያ ዙር አሸናፊ ይህ {reserve} ብር ሲሆን የሚከፈለው {payout} ብር ነው። እስከ ዙር {guarantorRound} ድረስ አሸናፊው ዋስ መጥራት አለበት፤ ምክንያቱም መጠባበቂያው ብቻውን አሸናፊው ገና ሊከፍል የሚችለውን {exposure} ብር መሸፈን አይችልም።,{exposure} {guarantorRound} {payout} {reservePercent} {reserve},new,,,,
governance.clause.default.reserve.title,governance,Reserve and guarantor after a win,ከአሸናፊነት በኋላ መጠባበቂያና ዋስ,,new,,,,
governance.clause.emergency.fund.rationale,governance,"Smaller groups pool risk across fewer households, so they keep more claims in reserve (3 below 25 households, 2 below 100, otherwise 1). The medical advance (half a typical claim) and the claim sizes are this project's own defaults, not figures from a paper. The research on risk-sharing within Ethiopian funeral societies is the reason to hold a reserve at all.",አነስተኛ ቡድኖች አደጋን በጥቂት አባወራዎች ላይ ስለሚያካፍሉ ብዙ ክፍያዎችን በመጠባበቂያ ይይዛሉ (ከ25 አባወራ በታች 3፣ ከ100 በታች 2፣ ከዚያ በላይ 1)። የሕክምና ቅድሚያው (የአንድ የተለመደ ክፍያ ግማሽ) እና የክፍያ መጠኖቹ የዚህ ፕሮጀክት ነባሪ እሴቶች ናቸው እንጂ ከጥናት የተወሰዱ አይደሉም። በኢትዮጵያ የቀብር ማኅበራት ውስጥ ስለሚደረግ አደጋ መጋራት የተጻፈው ጥናት መጠባበቂያ ለመያዝ ምክንያት ነው።,,new,,,,
governance.clause.emergency.fund.summary,governance,"Keep a reserve of {target} ETB ({claims} typical claims of {claim} ETB). Each cycle collects {perCycle} ETB; until the reserve is full ({gap} ETB short, about {cycles} cycle(s)), pay all dues into the fund. Cap one claim at {claim} ETB, and allow committee-approved emergency medical advances of up to {medical} ETB.",የ{target} ብር መጠባበቂያ ይያዝ ({claims} የተለመዱ ክፍያዎች፣ እያንዳንዳቸው {claim} ብር)። በየዙሩ {perCycle} ብር ይሰበሰባል፤ መጠባበቂያው እስኪሞላ ድረስ ({gap} ብር ጎድሏል፣ ወደ {cycles} ዙር) ሁሉም መዋጮ ወደ ፈንዱ ይግባ። አንድ ክፍያ ከ{claim} ብር አይበልጥ፤ በኮሚቴ የጸደቀ የአስቸኳይ ሕክምና ቅድሚያ እስከ {medical} ብር ይፈቀድ።,{claims} {claim} {cycles} {gap} {medical} {perCycle} {target},new,,,,
governance.clause.emergency.fund.title,governance,Emergency and funeral fund,የአስቸኳይ ጊዜና የቀብር ፈንድ,,new,,,,
governance.clause.late.equb.rationale,governance,"The grace period is about a tenth of your {cycleDays}-day cycle (1 to 5 days). The penalty is a small share of one contribution, larger for newer groups where social pressure is weaker. These figures are this project's own defaults, not values from a paper; the literature on social enforcement and default in savings circles explains why the topic needs a written rule.",የእፎይታ ጊዜው ከ{cycleDays} ቀን ዙርዎ አንድ አስረኛ ያህል ነው (ከ1 እስከ 5 ቀን)። ቅጣቱ የአንድ መዋጮ ትንሽ ክፍል ነው፤ ማኅበራዊ ግፊት ደካማ ለሆነባቸው አዳዲስ ቡድኖች ትልቅ ነው። እነዚህ አኃዞች የዚህ ፕሮጀክት ነባሪ እሴቶች ናቸው እንጂ ከጥናት የተወሰዱ አይደሉም፤ ስለ ማኅበራዊ ማስፈጸምና ስለ ብድር አለመመለስ የተጻፉ ጥናቶች ጉዳዩ የጽሑፍ ደንብ እንደሚያስፈልገው ያብራራሉ።,{cycleDays},new,,,,
governance.clause.late.equb.summary,governance,A contribution is late once {graceDays} day(s) have passed after the due date. Each late cycle adds a penalty of {penaltyPercent}% of the contribution ({penaltyAmount} ETB). After {suspendAfter} missed cycles in a row the member is suspended from the draw and the replacement clause applies.,ከመክፈያ ቀን በኋላ {graceDays} ቀን ካለፈ መዋጮው እንደ ዘገየ ይቆጠራል። እያንዳንዱ የዘገየ ዙር የመዋጮው {penaltyPercent}% ({penaltyAmount} ብር) ቅጣት ይጨምራል። ተከታታይ {suspendAfter} ዙር ከተዘለለ አባሉ ከእጣ ይታገዳል፤ የመተካት አንቀጽም ይተገበራል።,{graceDays} {penaltyAmount} {penaltyPercent} {suspendAfter},new,,,,
governance.clause.late.equb.title,governance,Late contribution penalty,ዘግይቶ ለመክፈል ቅጣት,,new,,,,
governance.clause.late.iddir.rationale,governance,"An Iddir's dues fund a cover rather than a pot, so the penalty is gentler than for an Equb, and the real sanction is losing the right to claim while in arrears. The grace period is about a tenth of your {cycleDays}-day cycle. These figures are this project's own defaults; the Iddir risk-sharing literature explains why consistent dues matter.",የዕድር መዋጮ ከማሸነፊያ ገንዘብ ይልቅ ሽፋንን ይደግፋል፤ ስለዚህ ቅጣቱ ከዕቁብ ይልቅ ቀለል ያለ ነው፤ እውነተኛው ቅጣት በውዝፍ ጊዜ ክፍያ የመጠየቅ መብት ማጣት ነው። የእፎይታ ጊዜው ከ{cycleDays} ቀን ዙርዎ አንድ አስረኛ ያህል ነው። እነዚህ አኃዞች የዚህ ፕሮጀክት ነባሪ እሴቶች ናቸው፤ ስለ ዕድር አደጋ መጋራት የተጻፉ ጥናቶች ወጥ መዋጮ ለምን እንደሚያስፈልግ ያብራራሉ።,{cycleDays},new,,,,
governance.clause.late.iddir.summary,governance,Dues are late once {graceDays} day(s) have passed after the due date. Each late cycle adds a penalty of {penaltyPercent}% of the dues ({penaltyAmount} ETB). After {suspendAfter} missed cycles in a row the household cannot claim until it has paid its arrears.,ከመክፈያ ቀን በኋላ {graceDays} ቀን ካለፈ መዋጮው እንደ ዘገየ ይቆጠራል። እያንዳንዱ የዘገየ ዙር የመዋጮው {penaltyPercent}% ({penaltyAmount} ብር) ቅጣት ይጨምራል። ተከታታይ {suspendAfter} ዙር ከተዘለለ አባወራው ውዝፍ እስኪከፍል ድረስ ክፍያ መጠየቅ አይችልም።,{graceDays} {penaltyAmount} {penaltyPercent} {suspendAfter},new,,,,
governance.clause.late.iddir.title,governance,Late dues penalty,ዘግይቶ ለሚከፈል መዋጮ ቅጣት,,new,,,,
governance.clause.replacement.equb.rationale,governance,"The vouching and vote thresholds rise as members know each other less, because a stranger is harder to hold to account. The {outstanding} ETB figure is every share a first-round winner would still owe, the same worst case the draw engine's risk model uses. Vouching is also a cheap way to verify someone, which the informal-credit literature treats as a real cost. The thresholds are this project's own defaults.",አባላት እርስ በርስ እየተዋወቁ በሄዱ መጠን የምስክርነትና የድምጽ መስፈርቱ ይጨምራል፤ ምክንያቱም እንግዳን ተጠያቂ ማድረግ ከባድ ነው። {outstanding} ብር የመጀመሪያ ዙር አሸናፊ ገና ሊከፍል የሚገባው ድርሻ ሁሉ ነው፤ የእጣ ሞተሩ የአደጋ ሞዴል የሚጠቀምበት ተመሳሳይ የከፋ ሁኔታ ነው። ምስክርነት ሰውን ለማረጋገጥ ርካሽ መንገድ ነው፤ ይህንን የኢመደበኛ ብድር ጥናቶች እንደ እውነተኛ ወጪ ይቆጥሩታል። መስፈርቶቹ የዚህ ፕሮጀክት ነባሪ እሴቶች ናቸው።,{outstanding},new,,,,
governance.clause.replacement.equb.summary,governance,"A replacement must be proposed within {deadlineDays} days, vouched for by {vouchers} existing member(s), and approved by at least {votePercent}% of voting members. The replacement takes over the departing member's remaining position and obligations. The most a departing member can leave unpaid is {outstanding} ETB.",ተተኪ በ{deadlineDays} ቀን ውስጥ መቅረብ አለበት፤ በ{vouchers} ነባር አባል(ላት) መመስከር እና ቢያንስ በ{votePercent}% ድምጽ ሰጪ አባላት መጽደቅ አለበት። ተተኪው የሚለቀውን አባል ቀሪ ቦታና ግዴታ ይረከባል። የሚለቅ አባል ሳይከፍል ሊተው የሚችለው ከፍተኛ መጠን {outstanding} ብር ነው።,{deadlineDays} {outstanding} {votePercent} {vouchers},new,,,,
governance.clause.replacement.equb.title,governance,Replacing a member who leaves or defaults,የሚለቅ ወይም የሚከስር አባል መተካት,,new,,,,
governance.clause.replacement.iddir.rationale,governance,"A waiting period stops someone joining only after a death in the family. It is longer for newer groups. The vouching rule and the waiting days are this project's own defaults, informed by the literature on Iddir risk-sharing and on the cost of verifying members.",የጥበቃ ጊዜ በቤተሰብ ሞት ከተከሰተ በኋላ ብቻ መቀላቀልን ይከለክላል። ለአዳዲስ ቡድኖች ይረዝማል። የምስክርነት ደንቡና የጥበቃ ቀናቱ የዚህ ፕሮጀክት ነባሪ እሴቶች ናቸው፤ ስለ ዕድር አደጋ መጋራትና አባላትን ስለማረጋገጥ ወጪ በተጻፉ ጥናቶች የተመሠረቱ ናቸው።,,new,,,,
governance.clause.replacement.iddir.summary,governance,A household may transfer its membership to a new household vouched for by {vouchers} existing member. The new household pays any arrears and cannot claim until {waitingDays} days after joining.,አባወራ አባልነቱን በ{vouchers} ነባር አባል ለተመሰከረለት አዲስ አባወራ ማስተላለፍ ይችላል። አዲሱ አባወራ ውዝፍ ይከፍላል፤ ከተቀላቀለ {waitingDays} ቀን እስኪሞላ ድረስ ክፍያ መጠየቅ አይችልም።,{vouchers} {waitingDays},new,,,,
governance.clause.replacement.iddir.title,governance,Transferring a household's membership,የአባወራ አባልነት ማስተላለፍ,,new,,,,
governance.documentTitle,governance,Sened | Governance copilot,ሰነድ | የመተዳደሪያ ደንብ አማካሪ,,new,,,,
governance.error.amount,governance,"Enter an amount in ETB greater than zero, with at most two decimals.",ከዜሮ የሚበልጥ የብር መጠን ያስገቡ፤ ከሁለት የአስርዮሽ ቁጥር አይበልጥም።,,new,,,,
governance.error.balance,governance,"Enter an amount in ETB (0 or more), with at most two decimals.",የብር መጠን ያስገቡ (0 ወይም ከዚያ በላይ)፤ ከሁለት የአስርዮሽ ቁጥር አይበልጥም።,,new,,,,
governance.error.cycleLength,governance,Enter a whole number of days from 1 to 366.,ከ1 እስከ 366 ያለ የቀን ብዛት ያስገቡ።,,new,,,,
governance.error.engine,governance,The recommendations could not be built from these figures.,በእነዚህ አኃዞች ምክሮቹን መገንባት አልተቻለም።,,new,,,,
governance.error.memberCount,governance,Enter a whole number from 2 to 500.,ከ2 እስከ 500 ያለ ሙሉ ቁጥር ያስገቡ።,,new,,,,
governance.eyebrow,governance,Governance copilot,የመተዳደሪያ ደንብ አማካሪ,,new,,,,
governance.intro,governance,Answer a few questions about your group and get recommended bylaw clauses to put to your members. Each clause links to the research it draws on.,ስለ ቡድናችሁ ጥቂት ጥያቄዎችን ይመልሱ፤ ለአባላት ለድምጽ የሚቀርቡ የደንብ አንቀጾችን ያገኛሉ። እያንዳንዱ አንቀጽ የተመሠረተበትን ጥናት ያመለክታል።,,new,,,,
governance.next,governance,Next,ቀጥል,,new,,,,
governance.option.equb,governance,Equb (ዕቁብ),ዕቁብ,,new,,,,
governance.option.iddir,governance,Iddir (ዕድር),ዕድር,,new,length-ratio-short:0.27,,,
governance.param.baseReserveBps,governance,Base reserve,መሠረታዊ መጠባበቂያ,,new,,,,
governance.param.claimCap,governance,Cap on one claim,የአንድ ክፍያ ጣሪያ,,new,,,,
governance.param.claimsSuspendedAfterMissed,governance,Claims paused after missed cycles,ከተዘለሉ ዙሮች በኋላ ክፍያ ይቆማል,,new,,,,
governance.param.claimWaitingDays,governance,Waiting period before claims,ክፍያ ከመጠየቅ በፊት የጥበቃ ጊዜ,,new,,,,
governance.param.currentBalance,governance,Current balance,አሁን ያለ ቀሪ,,new,,,,
governance.param.cyclesToTarget,governance,Cycles to reach target,ግቡ ላይ ለመድረስ ዙሮች,,new,,,,
governance.param.fundingGap,governance,Shortfall,የጎደለ መጠን,,new,,,,
governance.param.graceDays,governance,Grace period,የእፎይታ ጊዜ,,new,,,,
governance.param.guarantorThroughRound,governance,Guarantor needed through round,ዋስ የሚያስፈልግበት እስከ ዙር,,new,,,,
governance.param.maxOutstandingAmount,governance,Most that can be left unpaid,ሳይከፈል ሊቀር የሚችል ከፍተኛ መጠን,,new,,,,
governance.param.medicalAdvanceAmount,governance,Emergency medical advance,የአስቸኳይ ሕክምና ቅድሚያ,,new,,,,
governance.param.penaltyAmount,governance,Penalty amount,የቅጣት መጠን,,new,,,,
governance.param.penaltyBps,governance,Penalty per late cycle,በዘገየ ዙር ቅጣት,,new,,,,
governance.param.perCycleCollection,governance,Collected each cycle,በየዙሩ የሚሰበሰብ,,new,,,,
governance.param.replacementDeadlineDays,governance,Time to find a replacement,ተተኪ ለማግኘት የሚፈቀድ ጊዜ,,new,,,,
governance.param.reserveClaimsCovered,governance,Claims held in reserve,በመጠባበቂያ የተያዙ ክፍያዎች,,new,,,,
governance.param.round1PayoutAmount,governance,"Payout, first-round winner",ክፍያ፣ የመጀመሪያ ዙር አሸናፊ,,new,,,,
governance.param.round1ReserveAmount,governance,"Reserve, first-round winner",መጠባበቂያ፣ የመጀመሪያ ዙር አሸናፊ,,new,,,,
governance.param.suspendAfterMissed,governance,Suspend after missed cycles,ከተዘለሉ ዙሮች በኋላ እገዳ,,new,,,,
governance.param.targetReserve,governance,Target reserve,የታለመ መጠባበቂያ,,new,,,,
governance.param.voteThresholdBps,governance,Approval needed,የሚያስፈልግ ድጋፍ,,new,,,,
governance.param.voucherCount,governance,Members who must vouch,መመስከር ያለባቸው አባላት,,new,,,,
governance.param.worstCaseExposure,governance,Worst-case exposure,የከፋ አደጋ መጠን,,new,,,,
governance.q.contribution,governance,How much does each member pay each cycle?,እያንዳንዱ አባል በየዙሩ ስንት ይከፍላል?,,new,,,,
governance.q.contribution.hint,governance,"In ETB, for example 1000 or 1000.50.",በብር፣ ለምሳሌ 1000 ወይም 1000.50።,,new,,,,
governance.q.cycleLength,governance,How many days is one cycle?,አንድ ዙር ስንት ቀን ነው?,,new,,,,
governance.q.cycleLength.hint,governance,"For example 7 for weekly, 14 for every two weeks, 30 for monthly.",ለምሳሌ ሳምንታዊ 7፣ በየሁለት ሳምንቱ 14፣ ወርሃዊ 30።,,new,,,,
governance.q.fundBalance,governance,How much does the emergency fund hold today?,የአስቸኳይ ጊዜ ፈንዱ አሁን ስንት አለው?,,new,,,,
governance.q.fundBalance.hint,governance,In ETB. Enter 0 if there is none yet.,በብር። ምንም ከሌለ 0 ያስገቡ።,,new,,,,
governance.q.groupType,governance,What kind of group is this?,ይህ ምን ዓይነት ቡድን ነው?,,new,,,,
governance.q.groupType.hint,governance,An Equb rotates a pot between members. An Iddir pools dues to support members at funerals.,ዕቁብ ገንዘቡን በአባላት መካከል ያዞራል። ዕድር ደግሞ አባላትን በቀብር ጊዜ ለመርዳት መዋጮ ይሰበስባል።,,new,,,,
governance.q.memberCount,governance,How many members or households?,ስንት አባላት ወይም አባወራዎች አሉ?,,new,,,,
governance.q.memberCount.hint,governance,A whole number from 2 to 500.,ከ2 እስከ 500 ያለ ሙሉ ቁጥር።,,new,,,,
governance.q.trust,governance,How well do members know each other?,አባላት እርስ በርስ ምን ያህል ይተዋወቃሉ?,,new,,,,
governance.q.trust.hint,governance,Closer groups can rely more on social pressure; newer groups need firmer rules.,የቀረቡ ቡድኖች በማኅበራዊ ግፊት ይተማመናሉ፤ አዲስ ቡድኖች ጥብቅ ደንብ ይፈልጋሉ።,,new,,,,
governance.q.typicalClaim,governance,What does one funeral claim usually cost?,አንድ የቀብር ክፍያ በተለምዶ ስንት ያስወጣል?,,new,,,,
governance.q.typicalClaim.hint,governance,In ETB. The advice sizes your emergency fund from this.,በብር። የአስቸኳይ ጊዜ ፈንዱ መጠን የሚወሰነው በዚህ ነው።,,new,,,,
governance.results.disclaimer,governance,"These are rules of thumb for your members to vote on, informed by the listed reading. The papers are context, not proof that any specific figure is optimal.",እነዚህ አባላት የሚመርጡባቸው የልምድ ደንቦች ናቸው፤ በተዘረዘሩት ጥናቶች የተመሠረቱ ናቸው። ጥናቶቹ አውድ ናቸው እንጂ ማንኛውም የተወሰነ አኃዝ ምርጥ መሆኑን አያረጋግጡም።,,new,,,,
governance.results.parameters,governance,Parameters,መለኪያዎች,,new,,,,
governance.results.rationale,governance,Why,ለምን,,new,,,,
governance.results.sources,governance,Sources,ምንጮች,,new,,,,
governance.results.summaryEqub,governance,"Equb: {members} members, {amount} ETB every {days} days",ዕቁብ፦ {members} አባላት፣ በየ{days} ቀን {amount} ብር,{amount} {days} {members},new,,,,
governance.results.summaryIddir,governance,"Iddir: {members} households, {amount} ETB every {days} days",ዕድር፦ {members} አባወራዎች፣ በየ{days} ቀን {amount} ብር,{amount} {days} {members},new,,,,
governance.results.title,governance,Recommended bylaw clauses,የሚመከሩ የደንብ አንቀጾች,,new,,,,
governance.results.warnings,governance,Things to watch,ትኩረት የሚሹ ጉዳዮች,,new,,,,
governance.seeResults,governance,See recommendations,ምክሮቹን አሳይ,,new,,,,
governance.source.bundled,governance,Citations come from the list bundled with Sened; ScholarXIV was not queried.,ማጣቀሻዎቹ ከሰነድ ጋር ከተካተተው ዝርዝር ናቸው፤ ScholarXIV አልተጠየቀም።,,new,,,,
governance.source.checking,governance,Checking the bundled list against ScholarXIV...,የተካተተውን ዝርዝር በ ScholarXIV በማመሳከር ላይ...,,new,,,,
governance.source.scholarxiv,governance,"Checked against the ScholarXIV Papers API: {confirmed} of {total} found. This confirms the paper exists in ScholarXIV search, not that it is in a particular collection.",በ ScholarXIV Papers API ተመሳክሯል፦ ከ{total} {confirmed} ተገኝቷል። ይህ ጽሑፉ በ ScholarXIV ፍለጋ እንዳለ ያረጋግጣል እንጂ በተወሰነ ስብስብ ውስጥ እንዳለ አይደለም።,{confirmed} {total},new,latin-words:API Papers,,,
governance.source.unavailable,governance,"ScholarXIV could not be reached, so the bundled list is shown unconfirmed.",ScholarXIV ሊደረስበት አልተቻለም፤ ስለዚህ የተካተተው ዝርዝር ሳይረጋገጥ ይታያል።,,new,,,,
governance.startOver,governance,Start over,እንደገና ጀምር,,new,,,,
governance.step.progress,governance,Question {current} of {total},ጥያቄ {current} ከ{total},{current} {total},new,,,,
governance.title,governance,"Bylaws and penalties, with reading behind them",ደንብና ቅጣት፣ በጥናት የተደገፈ,,new,,,,
governance.topic.default_protection,governance,Protection after a win,ከአሸናፊነት በኋላ ጥበቃ,,new,,,,
governance.topic.emergency_fund,governance,Emergency and funeral fund,የአስቸኳይ ጊዜና የቀብር ፈንድ,,new,,,,
governance.topic.late_payment,governance,Late payments,ዘግይቶ መክፈል,,new,,,,
governance.topic.replacement,governance,Replacing a member,አባል መተካት,,new,,,,
governance.trust.close,governance,Close,በጣም የሚተዋወቁ,,new,,,,
governance.trust.close.desc,governance,"Family, neighbours, long-standing friends.",ቤተሰብ፣ ጎረቤት፣ የቆዩ ጓደኞች።,,new,,,,
governance.trust.mixed,governance,Mixed,ድብልቅ,,new,,,,
governance.trust.mixed.desc,governance,"Some members know each other, some do not.",አንዳንዶቹ ይተዋወቃሉ፣ አንዳንዶቹ አይተዋወቁም።,,new,,,,
governance.trust.new,governance,New,አዲስ,,new,,,,
governance.trust.new.desc,governance,"Mostly strangers, or a group just starting.",አብዛኞቹ እንግዳ ወይም አዲስ የተጀመረ ቡድን።,,new,,,,
governance.unit.cycles,governance,cycles,ዙሮች,,new,,,,
governance.unit.days,governance,days,ቀናት,,new,,,,
governance.unit.etb,governance,ETB,ብር,,new,,,,
governance.unit.rounds,governance,rounds,ዙሮች,,new,,,,
governance.warning.guarantor,governance,Guarantors are needed for the first {round} of {total} rounds: the reserve cap means those winners could still owe more than the reserve covers.,ከ{total} ዙሮች ለመጀመሪያዎቹ {round} ዙሮች ዋስ ያስፈልጋል፤ በመጠባበቂያ ጣሪያ ምክንያት እነዚህ አሸናፊዎች ከመጠባበቂያው በላይ ሊከፍሉ ይችላሉ።,{round} {total},new,,,,
governance.warning.longCycle,governance,A {days}-day cycle means a missed payment may go unnoticed for a long time. Shorter reminders can help.,የ{days} ቀን ዙር ማለት የተዘለለ ክፍያ ለረጅም ጊዜ ሳይታወቅ ሊቆይ ይችላል። አጭር ማስታወሻዎች ሊረዱ ይችላሉ።,{days},new,,,,
governance.warning.slowFund,governance,At current dues the fund needs about {cycles} cycles to reach its target. Consider a higher due or a lower claim cap.,አሁን ባለው መዋጮ ፈንዱ ግቡ ላይ ለመድረስ ወደ {cycles} ዙር ይፈልጋል። ከፍ ያለ መዋጮ ወይም ዝቅ ያለ የክፍያ ጣሪያ ያስቡ።,{cycles},new,,,,
governance.warning.smallGroup,governance,"With only {members} members, one default is a large share of the pot. Consider a larger group or stricter vouching.",በ{members} አባላት ብቻ አንድ ያልከፈለ አባል ከገንዘቡ ትልቅ ድርሻ ይሆናል። ትልቅ ቡድን ወይም ጥብቅ ምስክርነት ያስቡ።,{members},new,,,,
governance.workspaceLabel,governance,Bylaws,መመሪያ,,new,,,,
groups.role.member,groups,Member,አባል,,new,,,,
groups.role.owner,groups,Owner,ባለቤት,,new,,,,
groups.role.treasurer,groups,Treasurer,ገንዘብ ያዥ,,new,,,,
groups.switcher.choose,groups,Choose a group,ቡድን ይምረጡ,,new,,,,
groups.switcher.chooseHint,groups,You are in more than one group. Choose one to continue.,ከአንድ በላይ ቡድን ውስጥ ነዎት። ለመቀጠል አንዱን ይምረጡ።,,new,,,,
groups.switcher.label,groups,Group,ቡድን,,new,,,,
groups.switcher.single,groups,"Group: {name}, {role}",ቡድን፦ {name}፣ {role},{name} {role},new,,,,
groups.switcher.stale,groups,Showing the groups last saved on this device.,በዚህ መሣሪያ ላይ ለመጨረሻ ጊዜ የተቀመጡ ቡድኖች ይታያሉ።,,new,,,,
groups.unnamed,groups,Group {id},ቡድን {id},{id},new,,,,
home.live.chooseGroup,home,You belong to more than one ledger group. Choose one with the group switcher to see its balance.,ከአንድ በላይ የመዝገብ ቡድን አባል ነዎት። ቀሪ ሂሳቡን ለማየት በቡድን መቀየሪያው አንዱን ይምረጡ።,,new,,,,
home.live.empty,home,"Your group ledger has no entries yet, so the pot balance is zero.",በቡድንዎ መዝገብ ውስጥ እስካሁን ምንም ግቤት የለም፤ ስለዚህ የቀሪ ሂሳቡ ዜሮ ነው።,,new,,,,
home.live.error,home,We could not load your group ledger. Try again in a moment.,የቡድንዎን መዝገብ መጫን አልቻልንም። ከጥቂት ጊዜ በኋላ እንደገና ይሞክሩ።,,new,,,,
home.live.feedTruncated,home,The balance covers your whole ledger. The list below shows only the most recent contributions.,ቀሪ ሂሳቡ መላውን መዝገብዎን ያካትታል። ከታች ያለው ዝርዝር የቅርብ ጊዜ መዋጮዎችን ብቻ ያሳያል።,,new,,,,
home.live.loading,home,Loading your group ledger…,የቡድንዎ መዝገብ በመጫን ላይ…,,new,,,,
home.live.noGroup,home,"You are not a member of a ledger group, so there is no balance to show.",የመዝገብ ቡድን አባል ስላልሆኑ የሚታይ ቀሪ ሂሳብ የለም።,,new,,,,
home.live.unauthorized,home,Your session ended. Sign in again to see your group ledger.,ክፍለ ጊዜዎ አብቅቷል። የቡድንዎን መዝገብ ለማየት እንደገና ይግቡ።,,new,,,,
home.record.cta,home,Record a contribution,መዋጮ መዝግብ,,new,,,,
home.record.ctaHelp,home,"Owner or treasurer: record who paid, with the amount, date and cycle.",ባለቤት ወይም ገንዘብ ያዥ፦ ማን እንደከፈለ ከመጠኑ፣ ከቀኑና ከዑደቱ ጋር ይመዝግቡ።,,new,,,,
home.sample.notice,home,Sample data — this is not your group's ledger. Sign in to see your real balance and contributions.,የናሙና መረጃ — ይህ የቡድንዎ መዝገብ አይደለም። እውነተኛውን ቀሪ ሂሳብና ልይሎች ለማየት ይግቡ።,,new,,,,
m2.correction.live.chooseGroup,m2,You belong to more than one ledger group. Choose one with the group switcher to see its entries.,ከአንድ በላይ የመዝገብ ቡድን አባል ነዎት። ግቤቶቹን ለማየት በቡድን መቀየሪያው አንዱን ይምረጡ።,,new,,,,
m2.nav.record,m2,Record contribution,መዋጮ መዝግብ,,new,,,,
members.chooseGroup,members,You are in more than one group. Choose one with the group switcher to manage its members.,ከአንድ በላይ ቡድን ውስጥ ነዎት። አባላቱን ለማስተዳደር በቡድን መቀየሪያው አንዱን ይምረጡ።,,new,,,,
offline.attribution.attention.definitive,offline,"Needs your attention: trying again will not change this answer. Fix the cause, then retry by hand.",ትኩረትዎን ይፈልጋል፦ እንደገና መሞከር ይህን መልስ አይለውጠውም። ምክንያቱን ካስተካከሉ በኋላ በእጅ እንደገና ይሞክሩ።,,new,,,,
offline.attribution.attention.exhausted,offline,Needs your attention: the {max} automatic tries are used up. Retry by hand when the connection is steady.,ትኩረትዎን ይፈልጋል፦ በራስ-ሰር የተደረጉት {max} ሙከራዎች አልቀዋል። ግንኙነቱ ሲረጋጋ በእጅ እንደገና ይሞክሩ።,{max},new,,,,
offline.attribution.auto,offline,"Retrying automatically (attempt {attempt} of {max}, next try at {time}).",በራስ-ሰር እንደገና እየተሞከረ ነው (ሙከራ {attempt} ከ{max}፣ ቀጣዩ ሙከራ {time})።,{attempt} {max} {time},new,,,,
offline.attribution.autoSoon,offline,Retrying automatically (attempt {attempt} of {max}) as soon as this device is online.,በራስ-ሰር እንደገና እየተሞከረ ነው (ሙከራ {attempt} ከ{max})፤ መሣሪያው ኦንላይን እንደሆነ ይሞክራል።,{attempt} {max},new,,,,
offline.attribution.channel,offline,How it was paid: {channel},የክፍያ መንገድ፦ {channel},{channel},new,,,,
offline.attribution.note,offline,Note: {note},ማስታወሻ፦ {note},{note},new,,,,
offline.attribution.pending,offline,Payer {payer} will be recorded when this syncs.,ከፋይ {payer} ይህ ሲላክ ይመዘገባል።,{payer},new,,,,
offline.attribution.reason.failed,offline,saving the payer failed on the server,ከፋዩን በአገልጋዩ ላይ ማስቀመጥ አልተሳካም,,new,,,,
offline.attribution.reason.unreadable,offline,the server's answer about the payer could not be read,የአገልጋዩን ስለ ከፋዩ የሰጠውን መልስ ማንበብ አልተቻለም,,new,,,,
offline.attribution.recorded,offline,Payer {payer} recorded by the treasurer.,ከፋይ {payer} በገንዘብ ያዥ ተመዝግቧል።,{payer},new,,,,
offline.attribution.refused,offline,"Entry synced, but the payer was not recorded: {reason}",መዝገቡ ተልኳል፤ ነገር ግን ከፋዩ አልተመዘገበም፦ {reason},{reason},new,,,,
offline.attribution.retry,offline,Retry recording the payer,ከፋዩን እንደገና ለመመዝገብ ሞክር,,new,,,,
offline.attribution.retryDone,offline,The payer was recorded.,ከፋዩ ተመዝግቧል።,,new,,,,
offline.attribution.retryFailed,offline,The payer could not be recorded yet: {reason},ከፋዩን ገና መመዝገብ አልተቻለም፦ {reason},{reason},new,,,,
offline.attribution.unknown,offline,Entry synced; the server did not report whether the payer {payer} was recorded.,መዝገቡ ተልኳል፤ ሆኖም አገልጋዩ ከፋዩ {payer} መመዝገቡን አልገለጸም።,{payer},new,,,,
offline.drafts.channelLabel,offline,How it was paid (optional),የክፍያ መንገድ (አማራጭ),,new,,,,
offline.drafts.channelNeedsPayer,offline,Choose the member who paid before adding how it was paid or a note.,የክፍያ መንገድ ወይም ማስታወሻ ከመጨመርዎ በፊት የከፈለውን አባል ይምረጡ።,,new,,,,
offline.drafts.cycleLabel,offline,Cycle (optional),ዑደት (አማራጭ),,new,,,,
offline.drafts.cycleNone,offline,No cycle,ዑደት የለም,,new,,,,
offline.drafts.noteError,offline,"The note must be 1 to 280 characters of plain text, with no line breaks or control characters.",ማስታወሻው ከ1 እስከ 280 ፊደላት ያለው ተራ ጽሑፍ መሆን አለበት፤ የመስመር መቁረጫ ወይም የቁጥጥር ምልክቶች አይፈቀዱም።,,new,,,,
offline.drafts.noteLabel,offline,Note (optional),ማስታወሻ (አማራጭ),,new,,,,
offline.drafts.payerCached,offline,The member and cycle lists are from the last time this device was online.,የአባላትና የዑደቶች ዝርዝር መሣሪያው ኦንላይን ከነበረበት ጊዜ የተወሰደ ነው።,,new,,,,
offline.drafts.payerLabel,offline,Member who paid (optional),የከፈለው አባል (አማራጭ),,new,,,,
offline.drafts.payerNone,offline,No payer yet,ገና ከፋይ የለም,,new,,,,
offline.drafts.payerOnlyContribution,offline,Only a contribution can name a payer.,ከፋይ መጥቀስ የሚችል መዋጮ ብቻ ነው።,,new,,,,
offline.drafts.payerRequired,offline,Choose the member who paid before adding a cycle or round.,ዑደት ወይም ዙር ከመጨመርዎ በፊት የከፈለውን አባል ይምረጡ።,,new,,,,
offline.drafts.payerUnavailable,offline,This device has no member list yet. Connect once to choose a payer; the draft can still be saved without one.,በዚህ መሣሪያ ላይ ገና የአባላት ዝርዝር የለም። ከፋይ ለመምረጥ አንድ ጊዜ ይገናኙ፤ ማስከረዳው ያለ ከፋይም ሊቀመጥ ይችላል።,,new,,,,
offline.drafts.roundError,offline,A round must be a whole number from 1 to 1000 and needs a cycle.,ዙር ከ1 እስከ 1000 ያለ ሙሉ ቁጥር መሆን አለበት፤ ዑደትም ይፈልጋል።,,new,,,,
offline.drafts.roundLabel,offline,Round (optional),ዙር (አማራጭ),,new,,,,
offline.group.choose,offline,Your account is in more than one group. Choose one with the group switcher before queuing entries.,መለያዎ ከአንድ በላይ ቡድን ውስጥ ነው። መግቦችን ወደ ወረፋ ከማስገባትዎ በፊት በቡድን መቀየሪያው አንዱን ይምረጡ።,,new,,,,
offline.group.none,offline,"Your account is not in any group yet, so entries cannot be queued.",መለያዎ ገና በምንም ቡድን ውስጥ የለም፤ ስለዚህ መግቦችን ወደ ወረፋ ማስገባት አይቻልም።,,new,,,,
offline.group.readOnly,offline,Only the owner or treasurer can record entries for this group.,ለዚህ ቡድን መግብ መመዝገብ የሚችሉት ባለቤቱ ወይም ገንዘብ ያዡ ብቻ ናቸው።,,new,,,,
offline.group.unresolved,offline,"Your group could not be looked up. Connect once while signed in, then try again.",ቡድንዎን መፈለግ አልተቻለም። ገብተው አንድ ጊዜ ይገናኙና እንደገና ይሞክሩ።,,new,,,,
offline.sync.authUnconfigured,offline,"Sign-in is not set up on this build, so queued work stays on this device.",በዚህ ግንባታ ውስጥ መግቢያ አልተዘጋጀም፤ በወረፋ ላይ ያለው ሥራ በዚህ መሣሪያ ላይ ይቀራል።,,new,,,,
offline.sync.connected,offline,Signed in. Queued work is sent to your group's ledger.,ገብተዋል። በወረፋ ላይ ያለው ሥራ ወደ ቡድንዎ መዝገብ ይላካል።,,new,,,,
profile.attire.gabi,profile,Gabi,ጋቢ,,new,,,,
profile.attire.gabiHint,profile,"White cotton shawl, drawn at the lower left.",ነጭ የጥጥ ጋቢ፣ ከታች በግራ በኩል ይታያል።,,new,,,,
profile.attire.hint,profile,"Shown to the members of your group next to your verified contributions. Only you can change it, and nothing is chosen for you.",ከተረጋገጡ መዋጮዎችዎ አጠገብ ለቡድንዎ አባላት ይታያል። መቀየር የሚችሉት እርስዎ ብቻ ነዎት፤ ምንም ነገር ለእርስዎ አይመረጥም።,,new,,,,
profile.attire.legend,profile,Your avatar shawl,የአምሳያዎ ጨርቅ,,new,,,,
profile.attire.netela,profile,Netela,ነጠላ,,new,,,,
profile.attire.netelaHint,profile,"Lighter shawl with a woven border, drawn at the lower right.",ቀለል ያለ የዘርፍ ጠርዝ ያለው ነጠላ፣ ከታች በቀኝ በኩል ይታያል።,,new,,,,
profile.attire.none,profile,No shawl,ጨርቅ የለም,,new,,,,
profile.attire.noneHint,profile,A Tibeb border only.,የጥበብ ጠርዝ ብቻ።,,new,,,,
profile.attire.saved,profile,Saved.,ተቀምጧል።,,new,,,,
profile.attire.saveError,profile,Could not save. Your choice was not changed.,ማስቀመጥ አልተቻለም። ምርጫዎ አልተቀየረም።,,new,,,,
profile.attire.saving,profile,Saving…,በማስቀመጥ ላይ…,,new,,,,
profile.chooseGroup,profile,You are in more than one group. Choose one with the group switcher to set your avatar for it.,ከአንድ በላይ ቡድን ውስጥ ነዎት። ለእሱ አምሳያ ለመምረጥ በቡድን መቀየሪያው አንዱን ይምረጡ።,,new,,,,
profile.error,profile,Could not load your profile. Try again in a moment.,መገለጫዎን መጫን አልተቻለም። ትንሽ ቆይተው እንደገና ይሞክሩ።,,new,,,,
profile.loading,profile,Loading your profile…,መገለጫዎ በመጫን ላይ…,,new,,,,
profile.noGroup,profile,You are not in a group yet. Join one with an invite link to choose how your avatar looks.,እስካሁን በምንም ቡድን ውስጥ የሉም። የአምሳያዎን ገጽታ ለመምረጥ በግብዣ አገናኝ ይቀላቀሉ።,,new,,,,
profile.preview,profile,You,እርስዎ,,new,,,,
profile.unauthorized,profile,Your session has ended. Sign in again to change your avatar.,ክፍለ ጊዜዎ አብቅቷል። አምሳያዎን ለመቀየር እንደገና ይግቡ።,,new,,,,
profile.unavailable,profile,Profiles are not available on this server yet.,መገለጫዎች በዚህ አገልጋይ ላይ ገና አይገኙም።,,new,,,,
record.amountHelp,record,"Exact amount, up to two decimals, for example 250 or 250.50.",ትክክለኛ መጠን፣ እስከ ሁለት አስርዮሽ፤ ለምሳሌ 250 ወይም 250.50።,,new,,,,
record.amountLabel,record,Amount in birr,መጠን በብር,,new,,,,
record.another,record,Record another contribution,ሌላ መዋጮ መዝግብ,,new,,,,
record.channelLabel,record,How it was paid (optional),የክፍያ መንገድ (አማራጭ),,new,,,,
record.channelNone,record,Not stated,አልተገለጸም,,new,,,,
record.chooseGroup,record,You belong to more than one ledger group. Choose one with the group switcher to record a contribution.,ከአንድ በላይ የደብተር ቡድን አባል ነዎት። መዋጮ ለመመዝገብ በቡድን መቀየሪያው አንዱን ይምረጡ።,,new,,,,
record.cycleClosed,record,{name} (closed),{name} (ተዘግቷል),{name},new,,,,
record.cycleLabel,record,Cycle (optional),ዑደት (አማራጭ),,new,,,,
record.cycleNone,record,No cycle,ዑደት የለም,,new,,,,
record.cyclesUnavailable,record,"The group's cycles could not be loaded, so the cycle and round cannot be chosen now. You can still record the contribution and name the payer.",የቡድኑን ዑደቶች መጫን አልተቻለም፤ ስለዚህ አሁን ዑደትና ዙር መምረጥ አይቻልም። መዋጮውን መመዝገብና ከፋዩን መጥቀስ ግን ይችላሉ።,,new,,,,
record.dateLabel,record,Date paid,የተከፈለበት ቀን,,new,,,,
record.error.amount,record,Enter a positive amount in birr with at most two decimals.,ከሁለት አስርዮሽ ያልበለጠ አዎንታዊ የብር መጠን ያስገቡ።,,new,,,,
record.error.date,record,Enter the date paid; it cannot be in the future.,የተከፈለበትን ቀን ያስገቡ፤ ወደፊት ሊሆን አይችልም።,,new,,,,
record.error.note,record,"The note must be 1 to 280 characters of plain text, with no line breaks or control characters.",ማስታወሻው ከ1 እስከ 280 ፊደላት ያለው ተራ ጽሑፍ መሆን አለበት፤ የመስመር መቁረጫ ወይም የቁጥጥር ምልክቶች አይፈቀዱም።,,new,,,,
record.error.payer,record,Choose the member who paid.,የከፈለውን አባል ይምረጡ።,,new,,,,
record.error.round,record,The round must be a whole number from 1 to {total}.,ዙሩ ከ1 እስከ {total} ያለ ሙሉ ቁጥር መሆን አለበት።,{total},new,,,,
record.error.roundNeedsCycle,record,Choose a cycle to record a round.,ዙር ለመመዝገብ ዑደት ይምረጡ።,,new,,,,
record.fail.conflict,record,This attempt's key was already used for a different contribution. Change a detail or reload and try again.,የዚህ ሙከራ ቁልፍ ለሌላ መዋጮ አስቀድሞ ጥቅም ላይ ውሏል። አንድ ዝርዝር ይቀይሩ ወይም ገጹን እንደገና ጭነው ይሞክሩ።,,new,,,,
record.fail.error,record,We could not confirm whether the contribution was recorded. Submit again: the same attempt will not be posted twice.,መዋጮው መመዝገቡን ማረጋገጥ አልተቻለም። እንደገና ያቅርቡ፤ ያው ሙከራ ሁለት ጊዜ አይመዘገብም።,,new,,,,
record.fail.forbidden,record,Only the group's owner or treasurer can record contributions.,መዋጮ መመዝገብ የሚችሉት የቡድኑ ባለቤት ወይም ገንዘብ ያዥ ብቻ ናቸው።,,new,,,,
record.fail.invalid,record,The ledger refused this contribution. Check the amount and date and try again.,ደብተሩ ይህን መዋጮ አልተቀበለም። መጠኑንና ቀኑን ይፈትሹና እንደገና ይሞክሩ።,,new,,,,
record.fail.rate_limited,record,Too many requests. Wait a moment and try again.,ብዙ ጥያቄዎች ቀርበዋል። ጥቂት ቆይተው እንደገና ይሞክሩ።,,new,,,,
record.fail.unauthorized,record,Your session ended. Sign in again to record a contribution.,ጊዜዎ አብቅቷል። መዋጮ ለመመዝገብ እንደገና ይግቡ።,,new,,,,
record.help,record,"Post a contribution to the group ledger and name who paid. The payer is shown to the group as recorded by the treasurer, never as bank-verified.","መዋጮን ወደ ቡድኑ ደብተር ይመዝግቡና ማን እንደከፈለ ይጥቀሱ። ከፋዩ ለቡድኑ ""በገንዘብ ያዥ የተመዘገበ"" ተብሎ ይታያል እንጂ በባንክ የተረጋገጠ ተብሎ በፍጹም አይታይም።",,new,,,,
record.loadError,record,We could not load this group's members. Try again in a moment.,የዚህን ቡድን አባላት መጫን አልተቻለም። ጥቂት ቆይተው እንደገና ይሞክሩ።,,new,,,,
record.loading,record,Loading the group's members and cycles…,የቡድኑን አባላትና ዑደቶች በመጫን ላይ…,,new,,,,
record.noAccounts,record,"This group's chart of accounts has no cash or contribution income account, so nothing can be posted yet.",የዚህ ቡድን የሂሳብ ዝርዝር የጥሬ ገንዘብ ወይም የመዋጮ ገቢ ሂሳብ የለውም፤ ስለዚህ ገና ምንም መመዝገብ አይቻልም።,,new,,,,
record.noGroup,record,"You are not a member of a ledger group, so there is nothing to record against.",እርስዎ የደብተር ቡድን አባል አይደሉም፤ ስለዚህ የሚመዘገብበት ቦታ የለም።,,new,,,,
record.noteHelp,record,Up to 280 characters of plain text. Everyone in the group can read it.,እስከ 280 ፊደላት ያለው ተራ ጽሑፍ። የቡድኑ ሁሉም አባላት ሊያነቡት ይችላሉ።,,new,,,,
record.noteLabel,record,Note (optional),ማስታወሻ (አማራጭ),,new,,,,
record.payerChoose,record,Choose a member,አባል ይምረጡ,,new,,,,
record.payerLabel,record,Member who paid,የከፈለው አባል,,new,,,,
record.readOnly,record,Only the group's owner or treasurer can record contributions. You can read the ledger; ask them to record this one.,መዋጮ መመዝገብ የሚችሉት የቡድኑ ባለቤት ወይም ገንዘብ ያዥ ብቻ ናቸው። ደብተሩን ማንበብ ይችላሉ፤ ይህን እንዲመዘግቡ ይጠይቋቸው።,,new,,,,
record.result.attributed,record,"Payer recorded: {payer}. It shows as recorded by the treasurer, never as bank-verified.","ከፋይ ተመዝግቧል፦ {payer}። ""በገንዘብ ያዥ የተመዘገበ"" ተብሎ ይታያል እንጂ በባንክ የተረጋገጠ ተብሎ በፍጹም አይታይም።",{payer},new,,,,
record.result.channel,record,How it was paid: {channel}.,የክፍያ መንገድ፦ {channel}።,{channel},new,,,,
record.result.failed,record,"The contribution is posted, but saving the payer failed and nothing says it was refused. Retry recording the payer; do not post the contribution again.",መዋጮው ተመዝግቧል፤ ነገር ግን ከፋዩን ማስቀመጥ አልተሳካም፤ ውድቅ እንደተደረገም የሚያሳይ ነገር የለም። ከፋዩን እንደገና ለመመዝገብ ይሞክሩ፤ መዋጮውን እንደገና አይመዝግቡ።,,new,,,,
record.result.note,record,Note: {note},ማስታወሻ፦ {note},{note},new,,,,
record.result.posted,record,Contribution recorded as ledger entry #{sequence}.,መዋጮው እንደ ደብተር መዝገብ #{sequence} ተመዝግቧል።,{sequence},new,,,,
record.result.refused,record,"The contribution is posted, but the payer was not recorded: {reason}",መዋጮው ተመዝግቧል፤ ነገር ግን ከፋዩ አልተመዘገበም፦ {reason},{reason},new,,,,
record.result.replayed,record,This contribution was already recorded as ledger entry #{sequence}. Nothing was posted twice.,ይህ መዋጮ አስቀድሞ እንደ ደብተር መዝገብ #{sequence} ተመዝግቧል። ምንም ሁለት ጊዜ አልተመዘገበም።,{sequence},new,,,,
record.retry,record,Retry recording the payer,ከፋዩን እንደገና ለመመዝገብ ሞክር,,new,,,,
record.retrying,record,Retrying…,እንደገና በመሞከር ላይ…,,new,,,,
record.roundHelp,record,A whole number from 1 to {total}.,ከ1 እስከ {total} ያለ ሙሉ ቁጥር።,{total},new,,,,
record.roundHelpNext,record,A whole number from 1 to {total}. The next draw is round {next}.,ከ1 እስከ {total} ያለ ሙሉ ቁጥር። የሚቀጥለው እጣ ዙር {next} ነው።,{next} {total},new,,,,
record.roundLabel,record,Round (optional),ዙር (አማራጭ),,new,,,,
record.saving,record,Recording…,በመመዝገብ ላይ…,,new,,,,
record.signIn,record,Sign in as the group's owner or treasurer to record a contribution.,መዋጮ ለመመዝገብ እንደ ቡድኑ ባለቤት ወይም ገንዘብ ያዥ ይግቡ።,,new,,,,
record.submit,record,Record contribution,መዋጮ መዝግብ,,new,,,,
record.title,record,Record a contribution,መዋጮ መዝግብ,,new,,,,
record.unauthorized,record,Your session ended. Sign in again to record a contribution.,ጊዜዎ አብቅቷል። መዋጮ ለመመዝገብ እንደገና ይግቡ።,,new,,,,
shell.debter.unavailable,shell,Not available,አይገኝም,,new,,,,
shell.feed.attireGabi,shell,wearing a gabi,ጋቢ ለብሰዋል,,new,,,,
shell.feed.attireNetela,shell,wearing a netela,ነጠላ ለብሰዋል,,new,,,,
shell.feed.attribute.channelLabel,shell,How it was paid (optional),የክፍያ መንገድ (አማራጭ),,new,,,,
shell.feed.attribute.choose,shell,Choose a member,አባል ይምረጡ,,new,,,,
shell.feed.attribute.correctHelp,shell,The earlier record stays. Your correction is added as a new record with the reason below.,ቀደመው መዝገብ ይቀራል። እርስዎ የሚያስተካክሉት ከታች ባለው ምክንያት እንደ አዲስ መዝገብ ይጨመራል።,,new,,,,
shell.feed.attribute.correctSubmit,shell,Record correction,ማስተካከያውን መዝግብ,,new,,,,
shell.feed.attribute.correctTitle,shell,Correct the payer,ከፋዩን አስተካክል,,new,,,,
shell.feed.attribute.done,shell,Recorded. It now shows as recorded by the treasurer.,"ተመዝግቧል። አሁን ""በገንዘብ ያዥ የተመዘገበ"" ተብሎ ይታያል።",,new,,,,
shell.feed.attribute.error.attribution_not_found,shell,There is no recorded payer to correct.,የሚስተካከል የተመዘገበ ከፋይ የለም።,,new,,,,
shell.feed.attribute.error.bank_verified,shell,"A verified bank receipt already names the payer, so it cannot be overridden by hand.",የተረጋገጠ የባንክ ደረሰኝ ከፋዩን አስቀድሞ ይጠቅሳል፤ ስለዚህ በእጅ ሊሻር አይችልም።,,new,,,,
shell.feed.attribute.error.corrected,shell,"This contribution was reversed by a correction, so it cannot be attributed.",ይህ መዋጮ በማስተካከያ ተሽሯል፤ ስለዚህ ለማንም ሊሰጥ አይችልም።,,new,,,,
shell.feed.attribute.error.cycle_not_found,shell,That cycle is not in your group.,ይህ ዑደት በቡድንዎ ውስጥ የለም።,,new,,,,
shell.feed.attribute.error.entry_not_found,shell,This entry is not in your group.,ይህ መዝገብ በቡድንዎ ውስጥ የለም።,,new,,,,
shell.feed.attribute.error.error,shell,Something went wrong. Nothing was changed; try again.,የሆነ ችግር ተፈጥሯል። ምንም አልተለወጠም፤ እንደገና ይሞክሩ።,,new,,,,
shell.feed.attribute.error.exists,shell,Someone already recorded a payer for this entry. Reload to see it.,ለዚህ መዝገብ ከፋይ አስቀድሞ ተመዝግቧል። ለማየት እንደገና ይጫኑ።,,new,,,,
shell.feed.attribute.error.forbidden,shell,Only the group's owner or treasurer can record who paid.,ማን እንደከፈለ መመዝገብ የሚችሉት የቡድኑ ባለቤት ወይም ገንዘብ ያዥ ብቻ ናቸው።,,new,,,,
shell.feed.attribute.error.member_not_found,shell,That member is not an active member of this group.,ይህ አባል የዚህ ቡድን ንቁ አባል አይደለም።,,new,,,,
shell.feed.attribute.error.not_contribution,shell,Only a contribution has a payer.,ከፋይ ያለው መዋጮ ብቻ ነው።,,new,,,,
shell.feed.attribute.error.other,shell,The payer could not be recorded.,ከፋዩን መመዝገብ አልተቻለም።,,new,,,,
shell.feed.attribute.error.rate_limited,shell,Too many requests. Wait a moment and try again.,ብዙ ጥያቄዎች ቀርበዋል። ጥቂት ቆይተው እንደገና ይሞክሩ።,,new,,,,
shell.feed.attribute.error.unauthorized,shell,Sign in again to record the payer.,ከፋዩን ለመመዝገብ እንደገና ይግቡ።,,new,,,,
shell.feed.attribute.error.unchanged,shell,That is already the recorded payer.,ይህ አስቀድሞ የተመዘገበው ከፋይ ነው።,,new,,,,
shell.feed.attribute.help,shell,"You are an owner or treasurer: record which member paid this entry. It is shown to the group as recorded by the treasurer, never as bank-verified.","እርስዎ ባለቤት ወይም ገንዘብ ያዥ ነዎት፤ ይህን መዝገብ የትኛው አባል እንደከፈለ ይመዝግቡ። ለቡድኑ ""በገንዘብ ያዥ የተመዘገበ"" ተብሎ ይታያል እንጂ በባንክ የተረጋገጠ ተብሎ በፍጹም አይታይም።",,new,,,,
shell.feed.attribute.memberLabel,shell,Member who paid,የከፈለው አባል,,new,,,,
shell.feed.attribute.noteError,shell,"The note must be 1 to 280 characters of plain text, with no line breaks or control characters.",ማስታወሻው ከ1 እስከ 280 ፊደላት ያለው ተራ ጽሑፍ መሆን አለበት፤ የመስመር መቁረጫ ወይም የቁጥጥር ምልክቶች አይፈቀዱም።,,new,,,,
shell.feed.attribute.noteHelp,shell,Everyone in the group can read the note. It is shown as written by the treasurer.,ማስታወሻውን የቡድኑ ሁሉም አባላት ማንበብ ይችላሉ። በገንዘብ ያዥ የተጻፈ ተብሎ ይታያል።,,new,,,,
shell.feed.attribute.noteLabel,shell,Note (optional),ማስታወሻ (አማራጭ),,new,,,,
shell.feed.attribute.pickMember,shell,Choose the member who paid.,የከፈለውን አባል ይምረጡ።,,new,,,,
shell.feed.attribute.reasonLabel,shell,Reason for the correction (at least 10 characters),የማስተካከያው ምክንያት (ቢያንስ 10 ፊደላት),,new,,,,
shell.feed.attribute.saving,shell,Saving…,በማስቀመጥ ላይ…,,new,,,,
shell.feed.attribute.submit,shell,Record payer,ከፋዩን መዝግብ,,new,,,,
shell.feed.attribute.title,shell,Who paid this?,ይህን ማን ከፈለ?,,new,,,,
shell.feed.channelOther,shell,Other,ሌላ,,new,,,,
shell.feed.ledgerContribution,shell,Contribution #{sequence},ልይል ቁጥር {sequence},{sequence},new,,,,
shell.feed.ledgerEntryNote,shell,"This is an entry in your group ledger. This screen does not show a bank verification for it, so it is not marked verified.",ይህ በቡድንዎ መዝገብ ውስጥ ያለ ግቤት ነው። ይህ ማያ ለእሱ የባንክ ማረጋገጫ አያሳይም፤ ስለዚህ እንደተረጋገጠ አልተመለከተም።,,new,,,,
shell.feed.ledgerEntryTitle,shell,Ledger entry — no bank verification shown,የመዝገብ ግቤት — የባንክ ማረጋገጫ አልታየም,,new,,,,
shell.feed.note,shell,Note,ማስታወሻ,,new,,,,
shell.feed.paidBy,shell,Paid by,የከፈለው,,new,,,,
shell.feed.recorded,shell,Recorded in ledger,በመዝገብ ተመዝግቧል,,new,,,,
shell.feed.recordedByTreasurer,shell,Recorded by the treasurer · not bank-verified,በገንዘብ ያዥ የተመዘገበ · በባንክ ያልተረጋገጠ,,new,,,,
shell.feed.referenceEnding,shell,bank reference ending {last},የባንክ ማጣቀሻ መጨረሻ {last},{last},new,,,,
shell.feed.treasurerPayerNote,shell,"The treasurer recorded who paid this cash or manual entry. It is the treasurer's own record, not a bank verification.",ይህን በጥሬ ገንዘብ ወይም በእጅ የገባ መዝገብ ማን እንደከፈለ ገንዘብ ያዡ መዝግቧል። ይህ የገንዘብ ያዡ የራሱ መዝገብ ነው እንጂ የባንክ ማረጋገጫ አይደለም።,,new,,,,
shell.feed.treasurerRecordedAt,shell,Recorded,የተመዘገበበት,,new,,,,
shell.feed.treasurerRevision,shell,Corrected {count} time(s); every earlier record is kept.,{count} ጊዜ ተስተካክሏል፤ ቀደምት መዝገቦች ሁሉ ተጠብቀዋል።,{count},new,,,,
shell.feed.verifiedLedgerNote,shell,A bank confirmed this contribution and it is recorded in your group ledger. Only the last characters of the bank reference are shown; the full reference stays private.,ባንክ ይህን መዋጮ አረጋግጧል፤ በቡድንዎ መዝገብም ተመዝግቧል። የሚታየው የባንኩ ማጣቀሻ የመጨረሻ ፊደላት ብቻ ነው፤ ሙሉው የግል ነው።,,new,,,,
shell.feed.verifiedWord,shell,Verified,የተረጋገጠ,,new,,,,
audio.a11y.paused,audio,The report is paused,ሪፖርቱ ቆሟል,,existing,,,,
audio.a11y.playing,audio,The report is being read aloud,ሪፖርቱ ድምፅ ሆነው እየተነበበ ነው,,existing,,,,
audio.badge,audio,Spoken report,የድምጽ መዘገብ,,existing,,,,
audio.captionLabel,audio,Report text,የሪፖርት ጽሑፍ,,existing,,,,
audio.pause,audio,Pause,አቁም,,existing,,,,
audio.play,audio,Play,አጫውት,,existing,,,,
audio.progressLabel,audio,{percent}% through the report,በሪፖርቱ {percent}% ደርሷል,{percent},existing,,,,
audio.restart,audio,Play from the start,ከመጀመሪያው አጫውት,,existing,,,,
audio.resume,audio,Resume,ቀጥል,,existing,,,,
audio.speedLabel,audio,Speed,ፍጥነት,,existing,,,,
audio.speedOption,audio,{speed}×,{speed}×,{speed},existing,am-identical-to-en; no-ethiopic,,,
audio.statusFinished,audio,Finished,ተጠናቋል,,existing,,,,
audio.statusIdle,audio,Ready,ዝግጁ,,existing,,,,
audio.statusPaused,audio,Paused,ቆሟል,,existing,,,,
audio.statusSpeaking,audio,Speaking,እየተደመጠ ነው,,existing,,,,
audio.stop,audio,Stop,አቁም,,existing,,,,
audio.subtitle,audio,A spoken summary for members and the treasurer.,ለአባላትና ለአረጋውያን ሰብሳቢዎች የሚሆን አጭር ማጠቃለያ።,,existing,,,,
audio.title,audio,Weekly balance report,የሳምንቱ የሂሳብ ሪፖርት,,existing,,,,
audio.unsupportedBody,audio,"This device has no Amharic or Afaan Oromoo voice installed, so the audio was not produced. The full report is shown below.",በዚህ መሣሪያ ላይ የአማርኛ ወይም የኦሮሞ ድምጅ አልተጫነም፤ ስለዚህ ድምፅ አልተፈጠረም። ሙሉ ሪፖርቱ ከታች ተጠቅሟል።,,existing,,,,
audio.unsupportedTitle,audio,No installed voice can read this report aloud,ይህን ሪፖርት የሚዘምመው የተጫነ ድምፅ የለም,,existing,,,,
audio.wordsSpoken,audio,{spoken} of {total} sentences spoken,ከ{total} ዓረፎች {spoken} ተናገሩ,{spoken} {total},existing,,,,
auth.backHome,auth,Back to Sened,ወደ ሰነድ ተመለስ,,existing,,,,
auth.description,auth,Sign in with your email to send contributions to the bank for verification. You can still record notes on this device without signing in.,መዋጮዎችን ለባንክ ማረጋገጫ ለመላክ በኢሜይልዎ ይግቡ። ሳይገቡም በዚህ መሣሪያ ላይ ማስታወሻ መመዝገብ ይችላሉ።,,existing,,,,
auth.emailLabel,auth,Email address,የኢሜይል አድራሻ,,existing,,,,
auth.emailPlaceholder,auth,you@example.com,you@example.com,,existing,am-identical-to-en; no-ethiopic,,,
auth.invalidEmail,auth,Enter a valid email address.,ትክክለኛ የኢሜይል አድራሻ ያስገቡ።,,existing,,,,
auth.link,auth,Sign in,ግባ,,existing,length-ratio-short:0.29,,,
auth.linkSent,auth,Check your email. Open the link on this device to finish signing in.,ኢሜይልዎን ይመልከቱ። መግባትን ለመጨረስ አገናኙን በዚህ መሣሪያ ላይ ይክፈቱ።,,existing,,,,
auth.linkSignedIn,auth,Account,መለያ,,existing,,,,
auth.loading,auth,Checking your session...,ክፍለ ጊዜዎ እየተረጋገጠ ነው...,,existing,,,,
auth.notConfiguredBody,auth,"This build has no Supabase project connected, so nobody can sign in. Notes are still recorded on this device only.",ይህ ግንባታ ከ Supabase ፕሮጀክት ጋር አልተገናኘም፤ ስለዚህ ማንም መግባት አይችልም። ማስታወሻዎች አሁንም በዚህ መሣሪያ ላይ ብቻ ይመዘገባሉ።,,existing,latin-words:Supabase,,,
auth.notConfiguredTitle,auth,Sign-in is not configured,መግቢያ አልተዋቀረም,,existing,,,,
auth.sendFailed,auth,The sign-in link could not be sent. Check the address and try again.,የመግቢያ አገናኙ ሊላክ አልቻለም። አድራሻውን አረጋግጠው እንደገና ይሞክሩ።,,existing,,,,
auth.sending,auth,Sending...,በመላክ ላይ...,,existing,,,,
auth.sendLink,auth,Send sign-in link,የመግቢያ አገናኝ ላክ,,existing,,,,
auth.signedInAnonymous,auth,Signed in,ገብተዋል,,existing,,,,
auth.signedInAs,auth,Signed in as {email},የገቡት እንደ {email},{email},existing,,,,
auth.signOut,auth,Sign out,ውጣ,,existing,length-ratio-short:0.25,,,
auth.signOutFailed,auth,Sign out failed. Try again.,መውጣት አልተሳካም። እንደገና ይሞክሩ።,,existing,,,,
auth.title,auth,Sign in,ግባ,,existing,length-ratio-short:0.29,,,
draw.actionCommit,draw,Seal the commitment,ቃል መዋጮ አስገባ,,existing,,,,
draw.actionNextRound,draw,Continue to the next round,ወደ ቀጣይ ዙር ቀጥል,,existing,,,,
draw.actionReveal,draw,Reveal the seed,ዘመኑን አሳይ,,existing,,,,
draw.alreadyWon,draw,Already won,አሸናፊ ሆነዋል,,existing,,,,
draw.ceremonyTitle,draw,Mesob draw ceremony,የመሶብ እጣ ሥርዓት,,existing,,,,
draw.commitmentIdle,draw,No commitment sealed yet.,እጅግ ቃል መዋጮ አልተሰጠም።,,existing,,,,
draw.commitmentTitle,draw,Commitment,የቃል መዋጮ መረጃ,,existing,,,,
draw.currency,draw,ETB,ብር,,existing,,,,
draw.eligible,draw,Eligible,ይገባል,,existing,,,,
draw.localeName,draw,English,አማርኛ,,existing,,,,
draw.localNote,draw,This demonstration runs entirely on your device using WebCrypto for SHA-256. Verifying the draw does not depend on the server.,ይህ ማሳያ በስልክህ ላይ ብቻ ይሠራል — SHA-256 በስልክህ WebCrypto እንደሚሰራ ነው። ለማስተካከል አገልግሎቱ ላይ አይተማርንም።,,existing,latin-words:SHA WebCrypto,,,
draw.participants,draw,Participants,ተሳታፊዎች,,existing,,,,
draw.rotationDetail,draw,Members who have already been drawn this cycle are excluded from the remaining draws.,በዚህ ዙር ያሸነፉ አባላት ከቀጣይ እጣዎች ውስጥ ይገገማሉ።,,existing,,,,
draw.rotationTitle,draw,Rotation,ዙር መኸረድ,,existing,,,,
draw.roundLabel,draw,Round {round} / {total},ዙር {round} / {total},{round} {total},existing,,,,
draw.stepCommit,draw,Step 1 — Commit,ደረጃ 1 — ቃል መዋጮ,,existing,,,,
draw.stepCommitDone,draw,The commitment is sealed and the roster is published.,ቃል መዋጮው ተሸጥቷል፤ አባላቱ ተሸጥተዋል።,,existing,,,,
draw.stepCommitIdle,draw,The seed is fixed in wax before the draw begins.,ዘመኑ ከመታወቁ በፊት በአጥር ላይ ይሸጣል።,,existing,,,,
draw.stepReveal,draw,Step 2 — Reveal,ደረጃ 2 — መስበር,,existing,,,,
draw.stepRevealDone,draw,The seed is published and the winner is determined.,ዘመኑ ተገልጧል፤ አሸናፊው ተወስዷል።,,existing,,,,
draw.stepRevealIdle,draw,The winner is drawn as the mesob is turned.,የመሶቡ ውስጥ እየተጨማረ አሸናፊው ይለያል።,,existing,,,,
draw.stepVerify,draw,Step 3 — Verify,ደረጃ 3 — ማረጋገጥ,,existing,,,,
draw.stepVerifyDetail,draw,Any member can recompute this on their own phone.,እያንዳንዱ አባላት በስልክው ላይ ራሱ ይመልከታል።,,existing,,,,
draw.tamperToggle,draw,"Demonstration only: flip one character of the seed. The commitment check will catch it, and that is the entire point.",ለማሳያ ብቻ፦ ዘመኑን በአንድ ፊደል ማስተካከል። ማንኛውም አሸናፊ ሲከልን ይህ ራሱ ይሳዳል።,,existing,,,,
footer.tagline,footer,"Trust grows through shared, understandable records.",በጋራ የሚሟሉ በማስታወቂያ ተመሳሳሌ መዝገቦች ትምክነትን ያሳድጋሉ።,,existing,,,,
home.description,home,"Sened begins with a clear, accessible shell for people who steward Equb and Iddir records together.",Sened በጋራ የሚከላከሉ የእቁብና የንድር መዝገቦችን ለማስተዳደር በጥርት በሚጀምር የመጀመሪያ መሠረት ነው።,,existing,,,,
home.eyebrow,home,"Community treasury, clearly held",የማህበረሰብ ክምች፣ በጥርት የሚከላከል,,existing,,,,
home.foundationLabel,home,Current foundation,የአሁኑ መሠረት,,existing,,,,
home.foundationValue,home,Milestone {milestone} preparation,የሚልል {milestone} አላማ ዝግጁት,{milestone},existing,,,,
home.title,home,A trusted foundation for community treasury,ለማህበረሰብ ክምች የታመነ መሠረት,,existing,,,,
invites.activeTitle,invites,Active invite links,ንቁ የግብዣ አገናኞች,,existing,,,,
invites.copied,invites,Copied,ተቀድቷል,,existing,,,,
invites.copy,invites,Copy link,አገናኙን ቅዳ,,existing,,,,
invites.copyFailed,invites,Copy failed. Select the link and copy it by hand.,መቅዳት አልተሳካም። አገናኙን መርጠው በእጅ ይቅዱት።,,existing,,,,
invites.create,invites,Create invite link,የግብዣ አገናኝ ፍጠር,,existing,,,,
invites.created,invites,Invite link created. Copy it now: it is shown only once.,የግብዣ አገናኝ ተፈጥሯል። አሁን ይቅዱት፤ የሚታየው አንድ ጊዜ ብቻ ነው።,,existing,,,,
invites.createFailed,invites,The invite link could not be created. Try again.,የግብዣ አገናኙን መፍጠር አልተቻለም። እንደገና ይሞክሩ።,,existing,,,,
invites.creating,invites,Creating...,በመፍጠር ላይ...,,existing,,,,
invites.expiresOn,invites,Expires {date},የሚያበቃው {date},{date},existing,,,,
invites.expiry.day,invites,1 day,1 ቀን,,existing,,,,
invites.expiry.month,invites,30 days,30 ቀናት,,existing,,,,
invites.expiry.week,invites,7 days,7 ቀናት,,existing,,,,
invites.expiryLabel,invites,Link expires after,አገናኙ የሚያበቃው ከ,,existing,,,,
invites.linkLabel,invites,Invite link,የግብዣ አገናኝ,,existing,,,,
invites.listFailed,invites,The invite list could not be loaded.,የግብዣዎችን ዝርዝር መጫን አልተቻለም።,,existing,,,,
invites.none,invites,No active invite links. Links cannot be shown again after they are created.,ንቁ የግብዣ አገናኝ የለም። አገናኞች ከተፈጠሩ በኋላ እንደገና ሊታዩ አይችሉም።,,existing,,,,
invites.revoke,invites,Revoke,ሰርዝ,,existing,,,,
invites.revokeFailed,invites,The invite could not be revoked. Try again.,ግብዣውን መሰረዝ አልተቻለም። እንደገና ይሞክሩ።,,existing,,,,
invites.uses,invites,{used} of {max} uses,{used} ከ {max} ጊዜ ተጠቅሟል,{max} {used},existing,,,,
invites.usesLabel,invites,Maximum uses,ከፍተኛ የአጠቃቀም ብዛት,,existing,,,,
join.alreadyMember,join,You are already a member of this group.,ቀድሞውኑ የዚህ ቡድን አባል ነዎት።,,existing,,,,
join.error,join,Something went wrong. Try again in a moment.,የሆነ ችግር ተፈጥሯል። ጥቂት ቆይተው እንደገና ይሞክሩ።,,existing,,,,
join.exhausted,join,This invite link has already been used the maximum number of times.,ይህ የግብዣ አገናኝ ከፍተኛውን የአጠቃቀም ብዛት ደርሷል።,,existing,,,,
join.expired,join,This invite link has expired. Ask the group owner for a new one.,የዚህ ግብዣ አገናኝ ጊዜው አልፎበታል። አዲስ እንዲሰጥዎ የቡድኑን ባለቤት ይጠይቁ።,,existing,,,,
join.invalid,join,This invite link is not valid.,ይህ የግብዣ አገናኝ ትክክል አይደለም።,,existing,,,,
join.joined,join,You have joined the group.,ቡድኑን ተቀላቅለዋል።,,existing,,,,
join.joining,join,Joining the group...,ቡድኑን በመቀላቀል ላይ...,,existing,,,,
join.loading,join,Checking your invite...,ግብዣዎ እየተረጋገጠ ነው...,,existing,,,,
join.missingToken,join,This page needs an invite link. Open the full link you were sent.,ይህ ገጽ የግብዣ አገናኝ ያስፈልገዋል። የተላከልዎትን ሙሉ አገናኝ ይክፈቱ።,,existing,,,,
join.notConfigured,join,"Sign-in is not configured in this build, so invites cannot be redeemed.",በዚህ ግንባታ መግቢያ ስላልተዋቀረ ግብዣዎችን መጠቀም አይቻልም።,,existing,,,,
join.openLedger,join,Open the ledger,ደብተሩን ክፈት,,existing,,,,
join.rateLimited,join,Too many attempts. Wait a minute and try again.,በጣም ብዙ ሙከራዎች። አንድ ደቂቃ ጠብቀው እንደገና ይሞክሩ።,,existing,,,,
join.retry,join,Try again,እንደገና ሞክር,,existing,,,,
join.revoked,join,The group owner has revoked this invite link.,የቡድኑ ባለቤት ይህን የግብዣ አገናኝ ሰርዞታል።,,existing,,,,
join.signIn,join,Sign in to continue,ለመቀጠል ግባ,,existing,,,,
join.signInRequired,join,Sign in to join this group. You will come back here afterwards.,ይህን ቡድን ለመቀላቀል ይግቡ። ከዚያ በኋላ ወደዚህ ይመለሳሉ።,,existing,,,,
join.title,join,Join a group,ቡድን ይቀላቀሉ,,existing,,,,
m2.a11y.error,m2,Error,ስህተት,,existing,,,,
m2.a11y.integrityIcon,m2,Ledger integrity,የመዝገብ አድራጊው,,existing,,,,
m2.a11y.required,m2,Required,ያስፈልጋል,,existing,,,,
m2.a11y.statusIcon,m2,Status,ሁኔታ,,existing,,,,
m2.apiError.forbidden,m2,This action is not allowed.,ይህ እርምጃ አይፈቀድም።,,existing,,,,
m2.apiError.idempotencyConflict,m2,This request conflicts with an existing record.,ጥያቄው ከአለፈው መዝገብ ጋር ይጠናናራል።,,existing,,,,
m2.apiError.integrityFailure,m2,Ledger integrity could not be confirmed.,የመዝገብ አድራጊው ማረጋገጥ አልተቻለም።,,existing,,,,
m2.apiError.invalidBinding,m2,The bank binding is invalid.,የባንክ ምስም ትክክል አይደለም።,,existing,,,,
m2.apiError.invalidProviderResult,m2,The provider result is invalid.,የአቅራቢ ውጤቱ ትክክል አይደለም።,,existing,,,,
m2.apiError.invalidRequest,m2,The request is invalid.,ጥያቄው ትክክል አይደለም።,,existing,,,,
m2.apiError.notFound,m2,The requested record was not found.,የተጠየቀው መዝገብ አልተገኘም።,,existing,,,,
m2.apiError.providerNotConfigured,m2,The bank provider is not configured.,የባንክ አቅራቢው አልተዋቀረም።,,existing,,,,
m2.apiError.providerUnavailable,m2,The bank provider is unavailable.,የባንክ አቅራቢው የለም።,,existing,,,,
m2.apiError.storageFailure,m2,The record could not be stored.,መዝገቡን ማስቀመጥ አልተቻለም።,,existing,,,,
m2.apiError.storageUnavailable,m2,Record storage is unavailable.,የመዝገብ ማከማያ አገልግሎት የለም።,,existing,,,,
m2.apiError.unauthorized,m2,Authentication is required.,አስተዋዋር አስፈላጊ ነው።,,existing,,,,
m2.balance.currencyNote,m2,Amounts are shown in Ethiopian birr (ETB).,መጠኖች በኢትዮጵያ ብር (ETB) ይታያሉ።,,existing,,,,
m2.balance.description,m2,Only entries that passed the ledger rules are included here.,የመዝገቡን ደንቦች የገባ ግብ ያለት መዝገቦች ብቻ እዚህር ይገባሉ።,,existing,,,,
m2.balance.pendingAmountLabel,m2,Pending amount,የሚጠብቅ መጠን,,existing,,,,
m2.balance.pendingDescription,m2,Held outside the trusted balance until evidence is verified.,ማረጋገጫ እስኪፈጸም ድረስ ከታመነ ቀሪ ሂሳብ ውጭ ይዞራል።,,existing,,,,
m2.balance.pendingExcluded,m2,{amount} is excluded from the trusted balance until reconciliation is complete.,{amount} እስኪፈጸም ከታመነ ቀሪ ሂሳብ ውጭ ይመለሳል።,{amount},existing,,,,
m2.balance.pendingTitle,m2,Pending reconciliation,የሚጠብቅ ማስታረሂያ,,existing,,,,
m2.balance.reviewAmountLabel,m2,Amount under review,በግምገማ ላይ ያለው መጠን,,existing,,,,
m2.balance.reviewDescription,m2,Unresolved records are not part of the trusted balance.,ያልተፈታ መዝገቦች የታመነ ቀሪ ሂሳብ አካል አይደለም።,,existing,,,,
m2.balance.reviewExcluded,m2,{amount} remains outside the trusted balance while review is open.,ግምገማ ሲቀጥል {amount} ከታመነ ቀሪ ሂሳብ ውጭ ይቆያል።,{amount},existing,,,,
m2.balance.reviewTitle,m2,Rejected or manual review,ውድቅ ወይም በእጅ የመከለሻ ግምገማ,,existing,,,,
m2.balance.title,m2,Verified balance,የተረጋገጠ ቀሪ ሂሳብ,,existing,,,,
m2.balance.trustedAmountLabel,m2,Verified amount,የተረጋገጠ መጠን,,existing,,,,
m2.balance.trustedLabel,m2,Trusted balance,የታመነ ቀሪ ሂሳብ,,existing,,,,
m2.balance.trustedStatus,m2,Included in trusted balance,በታመነ ቀሪ ሂሳብ ውስጥ ተካቷል,,existing,,,,
m2.balance.verifiedExplanation,m2,Verified means the ledger accepted the entry; it does not mean a bank is connected.,የተረጋገጠ ማለት መዝገቡ ግብዙን ስትቀበል ያለት መሆና ነው፤ ባንክ ተገናኝቷል ማለት አይደለም።,,existing,,,,
m2.brand.context,m2,Community treasury,የማህበረሰብ ክምች,,existing,,,,
m2.brand.home,m2,Sened dashboard home,የSened ዳሽቦርድ መነሻ,,existing,,,,
m2.brand.name,m2,Sened,ሰነድ,,existing,,,,
m2.correction.cancel,m2,Keep history unchanged,ታሪኩን እንደማይቀየር ይቆይቱ,,existing,,,,
m2.correction.chooseEntry,m2,Choose an original entry,ዋና መዝገብ ይምረጡ,,existing,,,,
m2.correction.close,m2,Close correction form,የማስተካከያ ቅጹል ዝጋ,,existing,,,,
m2.correction.compensatingAmount,m2,Compensating amount: {amount},የተቃራኒው መጠን፦ {amount},{amount},existing,,,,
m2.correction.createdReference,m2,New demo reference {reference},አዲስ የምሳሌ ማጣቀሻ {reference},{reference},existing,,,,
m2.correction.demoNotice,m2,Demo only — this interaction is local to the visual fixture.,ምሳሌ ብቻ — ይህ ግንኙነት በየምሳሌ እይታው ውስጥ ብቻ ይከናወናል።,,existing,,,,
m2.correction.description,m2,Corrections are compensating entries. They preserve the original record and make the change auditable.,ማስተካከያዎች ተቃራኒ መዝገቦች ናቸው። ዋና መዝገቡን ይጠብቃሉ እና ለውጡን በግምገማ ይሰጣሉ።,,existing,,,,
m2.correction.entryHelper,m2,Choose a demo entry to correct.,ለመተካከል የምሳሌ መዝገብ ይምረጡ።,,existing,,,,
m2.correction.entryLabel,m2,Original entry,ዋና መዝገብ,,existing,,,,
m2.correction.formTitle,m2,Create a compensating entry,ተቃራኒ መዝገብ ይፍጠሩ,,existing,,,,
m2.correction.lengthError,m2,Use at least 10 characters for the correction rationale.,ለማስተካከያ ምክንያት ቢያንስ 10 ፊደል ይጠቀሙ።,,existing,,,,
m2.correction.live.createdReference,m2,New entry: sequence {sequence},አዲስ መዝገብ፦ ተከታታይ ቁጥር {sequence},{sequence},existing,,,,
m2.correction.live.empty,m2,Your ledger has no entries to correct yet.,በመዝገብዎ ውስጥ ለማስተካከል የሚሆን ግቤት እስካሁን የለም።,,existing,,,,
m2.correction.live.entryOption,m2,{type} · sequence {sequence} · {amount},{type} · ተከታታይ ቁጥር {sequence} · {amount},{amount} {sequence} {type},existing,,,,
m2.correction.live.error,m2,We could not load your ledger entries. Try again in a moment.,የመዝገብዎን ግቤቶች መጫን አልቻልንም። ከጥቂት ጊዜ በኋላ እንደገና ይሞክሩ።,,existing,,,,
m2.correction.live.helper,m2,Choose an entry from your live ledger to correct.,ለማስተካከል ከቀጥታ መዝገብዎ አንድ መዝገብ ይምረጡ።,,existing,,,,
m2.correction.live.loading,m2,Loading your ledger entries…,የመዝገብዎ ግቤቶች በመጫን ላይ…,,existing,,,,
m2.correction.live.noGroup,m2,"You are not a member of a ledger group, so there are no entries to show.",የመዝገብ ቡድን አባል ስላልሆኑ የሚታይ ግቤት የለም።,,existing,,,,
m2.correction.live.notice,m2,Entries are read from your live ledger. Submitting records a real compensating entry; the original stays and nothing can be edited or deleted afterwards.,ግቤቶቹ ከቀጥታ መዝገብዎ የተነበቡ ናቸው። ማስገባት እውነተኛ ተቃራኒ መዝገብ ይመዘግባል፤ ዋናው መዝገብ ይቆያል፣ ከዚያ በኋላም ምንም ማስተካከል ወይም መሰረዝ አይቻልም።,,existing,,,,
m2.correction.live.readOnly,m2,Only the group owner or treasurer can record corrections. Ask them to make this correction.,ማስተካከያዎችን መመዝገብ የሚችሉት የቡድኑ ባለቤት ወይም ገንዘብ ያዥ ብቻ ናቸው። ይህን ማስተካከያ እንዲያደርጉ ይጠይቋቸው።,,existing,,,,
m2.correction.live.replayed,m2,This correction was already recorded earlier. Nothing new was added.,ይህ ማስተካከያ ቀደም ብሎ ተመዝግቧል። አዲስ የተጨመረ ነገር የለም።,,existing,,,,
m2.correction.live.submitError.conflict,m2,This request clashes with an earlier attempt. Your entry list was refreshed; check it before trying again.,ይህ ጥያቄ ከቀደመ ሙከራ ጋር ይጋጫል። የግቤቶች ዝርዝርዎ ታድሷል፤ እንደገና ከመሞከርዎ በፊት ይመልከቱት።,,existing,,,,
m2.correction.live.submitError.error,m2,We could not confirm that the correction was recorded. Submit again: it will not be recorded twice.,ማስተካከያው መመዝገቡን ማረጋገጥ አልቻልንም። እንደገና ያስገቡ፤ ሁለት ጊዜ አይመዘገብም።,,existing,,,,
m2.correction.live.submitError.forbidden,m2,Your role is not allowed to record ledger entries.,ሚናዎ የመዝገብ ግቤቶችን እንዲመዘግቡ አይፈቅድም።,,existing,,,,
m2.correction.live.submitError.invalid,m2,The ledger refused this correction. The entry may already be corrected or can no longer be reversed. Your entry list was refreshed.,መዝገቡ ይህን ማስተካከያ አልተቀበለም። መዝገቡ አስቀድሞ ተስተካክሎ ወይም ከዚህ በኋላ መገለበጥ የማይችል ሊሆን ይችላል። የግቤቶች ዝርዝርዎ ታድሷል።,,existing,,,,
m2.correction.live.submitError.rateLimited,m2,"Too many requests. Wait a moment, then submit again.",ብዙ ጥያቄዎች ቀርበዋል። ጥቂት ይጠብቁ፣ ከዚያ እንደገና ያስገቡ።,,existing,,,,
m2.correction.live.submitError.unauthorized,m2,"Your session ended. Sign in again, then submit the correction.",ክፍለ ጊዜዎ አብቅቷል። እንደገና ይግቡ፣ ከዚያ ማስተካከያውን ያስገቡ።,,existing,,,,
m2.correction.live.submitError.unbuildable,m2,This entry cannot be reversed from here because its postings are incomplete.,የዚህ መዝገብ ልጥፎች ያልተሟሉ ስለሆኑ ከዚህ መገለበጥ አይችልም።,,existing,,,,
m2.correction.live.submitting,m2,Recording the compensating entry…,ተቃራኒ መዝገቡ በመመዝገብ ላይ…,,existing,,,,
m2.correction.live.successDescription,m2,A new opposing entry was added to your ledger. The original is preserved.,አዲስ ተቃራኒ መዝገብ ወደ መዝገብዎ ተጨምሯል። ዋናው መዝገብ ተጠብቋል።,,existing,,,,
m2.correction.live.successTitle,m2,Compensating entry recorded,ተቃራኒ መዝገብ ተመዝግቧል,,existing,,,,
m2.correction.live.unauthorized,m2,Your session ended. Sign in again to load your ledger entries.,ክፍለ ጊዜዎ አብቅቷል። የመዝገብ ግቤቶችን ለመጫን እንደገና ይግቡ።,,existing,,,,
m2.correction.newEntryStatus,m2,Awaiting sync,ማስታሰሻትን ይጠብቃል,,existing,,,,
m2.correction.open,m2,Start a correction,ማስተካከያ ይጀምሩ,,existing,,,,
m2.correction.originalPreserved,m2,Original {reference} is preserved.,ዋና {reference} ተጠብቋል።,{reference},existing,,,,
m2.correction.rationaleHelper,m2,Use at least 10 characters so the reason is meaningful.,ምክንያቱ ተረጃዊ እንዲሆን ቢያንስ 10 ፊደል ይጠቀሙ።,,existing,,,,
m2.correction.rationaleLabel,m2,Correction rationale,የማስተካከያ ምክንያት,,existing,,,,
m2.correction.rationalePlaceholder,m2,Describe what needs to be corrected and why,ምን መተካከል እንደሆነ እና ለምን እንደሆነ ይግለጹ,,existing,,,,
m2.correction.readOnly,m2,Append-only correction flow,በአካል የሚጨምር የማስተካከያ መንገድ,,existing,,,,
m2.correction.requiredError,m2,Add a correction rationale before creating the entry.,ተቃራኒ መዝገብ ከመፍጠሩ በፊት የማስተካከያ ምክንያት ይጨምሩ።,,existing,,,,
m2.correction.stepOne,m2,Choose the original,ዋናውን ይምረጡ,,existing,,,,
m2.correction.stepOneDescription,m2,Only posted entries can be selected.,የተረጋገጡ መዝገቦች ብቻ መምረጥ ይችላሉ።,,existing,,,,
m2.correction.stepThree,m2,Create a new entry,አዲስ መዝገብ ይፍጠሩ,,existing,,,,
m2.correction.stepThreeDescription,m2,The ledger appends a new opposing entry; it never changes the original.,መዝገቡ አዲስ ተቃራኒ መዝገብ ይጨምራል፤ ዋናውን አይቀየርም።,,existing,,,,
m2.correction.stepTwo,m2,Explain the reason,ምክንያቱን ይግለጹ,,existing,,,,
m2.correction.stepTwoDescription,m2,A clear rationale becomes part of the permanent record.,ግልጽ ምክንያት የተለዋወጠው መዝገብ ይሆናል።,,existing,,,,
m2.correction.submit,m2,Create compensating entry,ተቃራኒ መዝገብ ይፍጠሩ,,existing,,,,
m2.correction.successDescription,m2,A new opposing entry was appended to this visual history. No live ledger or bank request was sent.,አዲስ ተቃራኒ መዝገብ ወደዚህ የምሳሌ ታሪክ ተጨምሯል። ወደ ቀጥታ መዝገብ ወይም ባንክ ጥያቄ አልተላካም።,,existing,,,,
m2.correction.successTitle,m2,Demo compensating entry created,የምሳሌ ተቃራኒ መዝገብ ተፍጥሯል,,existing,,,,
m2.correction.targetError,m2,Choose an original entry first.,በመጀመሪያ ዋና መዝገብ ይምረጡ።,,existing,,,,
m2.correction.title,m2,Correction path,የማስተካከያ መንገድ,,existing,,,,
m2.currency.etb,m2,ETB,ETB,,existing,am-identical-to-en; no-ethiopic,,,
m2.entryType.adjustment,m2,Adjustment,ማስተካከያ,,existing,,,,
m2.entryType.contribution,m2,Contribution,ስጠታ,,existing,length-ratio-short:0.25,,,
m2.entryType.correction,m2,Compensating entry,ተቃራኒ መዝገብ,,existing,,,,
m2.entryType.disbursement,m2,Disbursement,ክፍያ,,existing,length-ratio-short:0.25,,,
m2.entryType.journal,m2,Journal,ጆርናል,,existing,,,,
m2.error.forbidden,m2,You do not have access to this record.,ወደዚህ መዝገብ መድረስ አይችልም።,,existing,,,,
m2.error.idempotencyConflict,m2,This request conflicts with an existing record.,ጥያቄው ከአለፈው መዝገብ ጋር ይጠናናራል።,,existing,,,,
m2.error.integrityFailure,m2,Ledger integrity could not be confirmed.,የመዝገብ አድራጊው ማረጋገጥ አልተቻለም።,,existing,,,,
m2.error.invalidAmount,m2,The amount is invalid.,መጠኑ ትክክል አይደለም።,,existing,,,,
m2.error.invalidCorrection,m2,The correction is not valid.,ማስተካከያው ትክክል አይደለም።,,existing,,,,
m2.error.invalidRequest,m2,The request is invalid.,ጥያቄው ትክክል አይደለም።,,existing,,,,
m2.error.notFound,m2,The requested record was not found.,የተጠየቀው መዝገብ አልተገኘም።,,existing,,,,
m2.error.storageFailure,m2,The record could not be stored.,መዝገቡን ማስቀመጥ አልተቻለም።,,existing,,,,
m2.error.unavailable,m2,The service is unavailable.,አገልግሎቱ የለም።,,existing,,,,
m2.error.unbalanced,m2,The ledger entry does not balance.,መዝገቡ አይመጣጠምም።,,existing,,,,
m2.fixture.abebe,m2,Abebe Tesfaye · community steward,አበበ ተስፋዬ · የማህበረሰብ አስተባብ,,existing,,,,
m2.fixture.compensation,m2,Demo compensation · original preserved,የምሳሌ ማስተካከያ · ዋና ተጠብቋል,,existing,,,,
m2.fixture.dawit,m2,Dawit Girma · community steward,ዳዊት ግርማ · የማህበረሰብ አስተባብ,,existing,,,,
m2.fixture.marta,m2,Marta Alemu · community steward,ማርታ አለሙ · የማህበረሰብ አስተባብ,,existing,,,,
m2.fixture.selam,m2,Selam Bekele · community steward,ሰላም በቀለ · የማህበረሰብ አስተባብ,,existing,,,,
m2.fixture.senedFund,m2,Sened community fund,የSened የማህበረሰብ ፈንድ,,existing,,,,
m2.footer.demo,m2,Milestone 2 visual shell · Demo fixture only,የሚልል 2 የምሳሌ ሸል · የምሳሌ መረጃ ብቻ,,existing,,,,
m2.footer.privacy,m2,No account session or live bank connection is used in this view.,በዚህ እይታ የመለያ ክፍለ ጊዜ ወይም የቀጥታ የባንክ ግንኙነት አይጠቀሙም።,,existing,,,,
m2.footer.tagline,m2,"Trust grows through shared, understandable records.",በጋራ የሚሟሉ በማስታወቂያ ተመሳሳሌ መዝገቦች ትምክነትን ያሳድጋሉ።,,existing,,,,
m2.header.demoLabel,m2,Visual demo,የምሳሌ እይታ,,existing,,,,
m2.header.noSession,m2,No account session is connected,የመለያ ክፍለ ጊዜ አልተገናኘም,,existing,,,,
m2.header.readOnly,m2,Read-only view,የንባብ ብቻ ያለ እይታ,,existing,,,,
m2.hero.demoNotice,m2,This is a clearly labeled visual fixture. Nothing here is connected to a live bank.,ይህ በግልጽ የተሰጠ የምሳሌ እይታ ነው። ከቀጥታ ባንክ ጋር የሚያገናኝ ምንም የለም።,,existing,,,,
m2.hero.description,m2,"A calm, append-only view of what is trusted, what is waiting, and what needs a person.",የታመነው፣ የሚጠብቅውና የሰው ግል የሚያስፈልግ ባለውን በጸዝቆ በማሳየት አፕንድክስ እይታ።,,existing,,,,
m2.hero.fixtureLabel,m2,Demo fixture,የምሳሌ መረጃ,,existing,,,,
m2.hero.lastRecorded,m2,Last recorded {date},መጨረሻው ተመዝግቧል {date},{date},existing,,,,
m2.hero.ledgerSeal,m2,Ledger integrity seal,የመዝገብ አድራጊው ምልክት,,existing,,,,
m2.hero.startCorrection,m2,Start a correction,ማስተካከያ ይጀምሩ,,existing,,,,
m2.hero.title,m2,The ledger tells the whole story.,መዝገቡ ሙሉ ታሪክን ይናገራል።,,existing,,,,
m2.hero.viewBalance,m2,View the trusted balance,የታመነ ቀሪ ሂሳብ ይመልከቱ,,existing,,,,
m2.history.amountLabel,m2,Amount,መጠን,,existing,,,,
m2.history.correctionNote,m2,A new opposing entry was appended in this demo; the original remains unchanged.,በዚህ ምሳሌ ውስጥ አዲስ ተቃራኒ መዝገብ ተጨምሯል፤ ዋናው መዝገብ አልተቀየረም።,,existing,,,,
m2.history.demoLabel,m2,Demo,ምሳሌ,,existing,,,,
m2.history.description,m2,Every change becomes a new entry; the original record remains in place.,ለየንዳው ለውጥ አዲስ መዝገብ ይሆናል፤ ዋና መዝገቡ በቦታው ይቆያል።,,existing,,,,
m2.history.directionInbound,m2,Inward,ወደ ውስጥ,,existing,,,,
m2.history.directionOutbound,m2,Outward,ወደ ውጭ,,existing,,,,
m2.history.entryLabel,m2,Entry,መዝገብ,,existing,,,,
m2.history.hash,m2,Hash {hash},ሃሽ {hash},{hash},existing,,,,
m2.history.noEntriesDescription,m2,New verified records will appear here without changing past entries.,አዲስ የተረጋገጡ መዝገቦች ያለፈተላዊ ለውጥ እዚህር ይታያሉ።,,existing,,,,
m2.history.noEntriesTitle,m2,No ledger entries yet,እስካሁን የመዝገብ መዝገብ የለም,,existing,,,,
m2.history.originalPreserved,m2,Original {reference} is preserved.,ዋና {reference} ተጠብቋል።,{reference},existing,,,,
m2.history.readOnly,m2,Read-only history,የንባብ ብቻ ታሪክ,,existing,,,,
m2.history.recordedAt,m2,Recorded {date},ተመዝግቧል {date},{date},existing,,,,
m2.history.recordedLabel,m2,Recorded,የተመዝገበው,,existing,,,,
m2.history.referenceLabel,m2,Reference,ማጣቀሻ,,existing,,,,
m2.history.sequence,m2,Sequence {sequence},ተከታታይ {sequence},{sequence},existing,,,,
m2.history.statusLabel,m2,Status,ሁኔታ,,existing,,,,
m2.history.title,m2,Append-only history,በአካል የሚጨምር ታሪክ,,existing,,,,
m2.history.typeLabel,m2,Type,አይነ,,existing,,,,
m2.integration.availableTitle,m2,What is available now,አሁን የሚገኝ የሆነው,,existing,,,,
m2.integration.configurationNote,m2,"Configuration belongs in service settings, not in this visual shell.",ዝግጅቱ በአገልግሎት ቅንብሮች ውስጥ ያለ፣ በዚህ የምሳሌ ሸል ውስጥ አይደለም።,,existing,,,,
m2.integration.futureProvider,m2,Provider verification becomes available after configuration,አቅራቢው ከተዋቀረ በኋላ የማረጋገጫ አገልግሎት ይገኛል,,existing,,,,
m2.integration.linksName,m2,Links.et,ሊንክስ.ኢት,,existing,,,,
m2.integration.localLedger,m2,Local ledger checks and clearly labeled fixture data,የበቀር የመዝገብ ምርመራና በግልጽ የተሰጠ የምሳሌ መረጃ,,existing,,,,
m2.integration.noSecrets,m2,No credentials or browser secrets are collected in this view.,በዚህ እይታ የመረጃ ምስሎች ወይም የአሳሽ ሚስጥሮች አይሰበሰቡም።,,existing,,,,
m2.integration.pendingOutside,m2,Pending records stay outside the trusted balance,የሚጠብቁ መዝገቦች ከታመነ ቀሪ ሂሳብ ውጭ ይቆያሉ,,existing,,,,
m2.integration.readOnlyDescription,m2,"This demo cannot request, verify, or reconcile a bank transaction.",ይህ ምሳሌ የባንክ ግብይት መጠየቅ፣ ማረጋገጥ ወይም ማስታረሂያ ማድረግ አይችልም።,,existing,,,,
m2.integration.readOnlyTitle,m2,Read-only until configured,እስኪዋቀር ድረስ የንባብ ብቻ,,existing,,,,
m2.integration.statusLabel,m2,Integration status,የግንኙነት ሁኔታ,,existing,,,,
m2.integration.title,m2,Bank integration,የባንክ ግንኙነት,,existing,,,,
m2.integration.unconfigured,m2,Not configured,አልተዋቀረም,,existing,,,,
m2.integration.unconfiguredDescription,m2,No live bank connection. Configure the provider before requesting bank evidence.,የቀጥታ የባንክ ግንኙነት የለም። የባንክ ማረጋገጫ ከመጠየቅዎ በፊት አቅራቢውን ያዋቀሩ።,,existing,,,,
m2.integrity.chainLabel,m2,Chain state,የተከታታይ አድራጊው ሁኔታ,,existing,,,,
m2.integrity.chainValue,m2,Intact,ሙሉ ነው,,existing,,,,
m2.integrity.checkedAt,m2,Checked {date},ተመርሟል {date},{date},existing,,,,
m2.integrity.description,m2,The hash chain is checked before an entry can be trusted.,ከመዝገቡ በፊት የሃሽ ተከታታይ መስክ ይመለከታል።,,existing,,,,
m2.integrity.hashAccessible,m2,Last hash: 9e4a7d31c0b5e8f2a146d9034c812,መጨረሻ ሃሽ፦ 9e4a7d31c0b5e8f2a146d9034c812,,existing,latin-words:a b c d e f,,,
m2.integrity.hashLabel,m2,Last hash,መጨረሻ ሃሽ,,existing,,,,
m2.integrity.hashVisible,m2,9e4a…c812,9e4a…c812,,existing,am-identical-to-en; no-ethiopic,,,
m2.integrity.historyLabel,m2,History,ታሪክ,,existing,,,,
m2.integrity.historyValue,m2,Append-only,በአካል የሚጨምር,,existing,,,,
m2.integrity.noEdits,m2,Original entries are never edited or removed.,ዋና መዝገቦች አይቀየሩም ወይም አይወገዱም።,,existing,,,,
m2.integrity.sequenceLabel,m2,Latest sequence,የመጨረሻ ተከታታይ,,existing,,,,
m2.integrity.sequenceValue,m2,Sequence {sequence},ተከታታይ {sequence},{sequence},existing,,,,
m2.integrity.title,m2,Ledger integrity,የመዝገብ አድራጊው አድራጊው,,existing,,,,
m2.nav.corrections,m2,Corrections,ማስተካከያዎች,,existing,,,,
m2.nav.integrations,m2,Integrations,ግንኙነቶች,,existing,,,,
m2.nav.ledger,m2,Ledger,መዝገብ,,existing,,,,
m2.nav.overview,m2,Overview,አጠቃላይ እይታ,,existing,,,,
m2.queue.description,m2,Rejected and unresolved records stay visible for a person to review.,ውድቅ የሆኑና ያልተፈቱ መዝገቦች ለሰው ግምገማ ተይዘታሉ።,,existing,,,,
m2.queue.emptyDescription,m2,New unresolved provider evidence will appear here with its reason.,አዲስ ያልተፈታ የአቅራቢ ማረጋገጫ እንዲሁም ምክንያቱ ይታያል።,,existing,,,,
m2.queue.emptyTitle,m2,The verification queue is clear,የማረጋገጫ ወረፋ ነጭ ነው,,existing,,,,
m2.queue.manualBadge,m2,Manual review,በእጅ ግምገማ,,existing,,,,
m2.queue.pendingMeta,m2,{amount} · Links.et unavailable,{amount} · ሊንክስ.ኢት የለም,{amount},existing,,,,
m2.queue.pendingTitle,m2,Telebirr contribution,የቴሌብር ስጠታ,,existing,,,,
m2.queue.referenceLabel,m2,Verification reference {reference},የማረጋገጫ ማጣቀሻ {reference},{reference},existing,,,,
m2.queue.rejectedMeta,m2,{amount} · amount mismatch,{amount} · የመጠን ልዩነት,{amount},existing,,,,
m2.queue.rejectedTitle,m2,Telebirr contribution,የቴሌብር ስጠታ,,existing,,,,
m2.queue.reviewMeta,m2,{amount} · provider response incomplete,{amount} · የአቅራቢ ምላሽ በቂ አይደለም,{amount},existing,,,,
m2.queue.reviewTitle,m2,CBE Birr contribution,የCBE ብር ስጠታ,,existing,,,,
m2.queue.statusLabel,m2,Verification status,የማረጋገጫ ሁኔታ,,existing,,,,
m2.queue.title,m2,Verification queue,የማረጋገጫ ወረፋ,,existing,,,,
m2.reason.amountMismatch,m2,Amount mismatch,የመጠን ልዩነት,,existing,,,,
m2.reason.awaitingProviderEvidence,m2,Awaiting provider evidence,የአቅራቢ ማረጋገጫ ይጠብቃል,,existing,,,,
m2.reason.currencyMismatch,m2,Currency mismatch,የገንዘብ ዓይነት ልዩነት,,existing,,,,
m2.reason.demoCorrection,m2,Demo compensating entry,የምሳሌ ተቃራኒ መዝገብ,,existing,,,,
m2.reason.directionMismatch,m2,Direction mismatch,የአቅጣጫ ልዩነት,,existing,,,,
m2.reason.evidenceIncomplete,m2,Evidence is incomplete,ማረጋገጫ አይበቅምም,,existing,,,,
m2.reason.manualReviewRequired,m2,Manual review required,በእጅ ግምገማ ያስፈልጋል,,existing,,,,
m2.reason.providerNotFound,m2,Provider could not find the transaction,አቅራቢው ግብይቱን ማግኘት አልቻለም,,existing,,,,
m2.reason.providerRateLimited,m2,Provider rate limited,የአቅራቢ መጠን ገደብ አላገኘም,,existing,,,,
m2.reason.providerResponseInvalid,m2,Provider response was invalid,የአቅራቢ ምላሽ ትክክል አልሆነም,,existing,,,,
m2.reason.providerTimeout,m2,Provider timed out,የአቅራቢ ጊዜ አልፏል,,existing,,,,
m2.reason.providerUnavailable,m2,Provider unavailable,አቅራቢው የለም,,existing,,,,
m2.reason.providerUnsettled,m2,Provider has not settled the transaction,አቅራቢው ግብይቱን ገና አልጠናቀቀም,,existing,,,,
m2.reason.receiverMismatch,m2,Receiver mismatch,የተቀባይ ልዩነት,,existing,,,,
m2.reason.senderMismatch,m2,Sender mismatch,የላኪ ልዩነት,,existing,,,,
m2.reason.timestampMismatch,m2,Timestamp mismatch,የጊዜ ማስታወሻ ልዩነት,,existing,,,,
m2.reason.verified,m2,Verified,ተረጋግጧል,,existing,,,,
m2.reconciliation.claimed,m2,Claimed,ተቀርጧል,,existing,,,,
m2.reconciliation.manualReview,m2,Manual review,በእጅ ግምገማ,,existing,,,,
m2.reconciliation.queued,m2,Queued,በወረፋ ላይ,,existing,,,,
m2.reconciliation.retryScheduled,m2,Retry scheduled,እንደገና ማስቀመጫ ተቀምጧል,,existing,,,,
m2.reconciliation.succeeded,m2,Succeeded,ተሳክቷል,,existing,,,,
m2.status.awaitingSync,m2,Awaiting sync,ማስታሰሻትን ይጠብቃል,,existing,,,,
m2.status.chainIntact,m2,Chain intact,የተከታታይ መስክ ሙሉ ነው,,existing,,,,
m2.status.ledgerVerified,m2,Ledger verified,የመዝገብ ማረጋገጫ ተርክቷል,,existing,,,,
m2.status.manualReview,m2,Manual review,በእጅ ግምገማ,,existing,,,,
m2.status.pendingReconciliation,m2,Pending reconciliation,የሚጠብቅ ማስታረሂያ,,existing,,,,
m2.status.readOnly,m2,Read-only,የንባብ ብቻ,,existing,,,,
m2.status.rejected,m2,Rejected,ውድቅ ተደርጓል,,existing,,,,
m2.status.unconfigured,m2,Not configured,አልተዋቀረም,,existing,,,,
m2.status.verified,m2,Verified,ተረጋግጧል,,existing,,,,
members.anonymous,members,Member {id},አባል {id},{id},existing,,,,
members.description,members,Everyone in your group and the role they hold. Only the owner can invite people or give the treasurer role.,በቡድንዎ ውስጥ ያሉ ሁሉም ሰዎች እና ያላቸው ሚና። ሰዎችን መጋበዝ እና የገንዘብ ያዥነት ሚና መስጠት የሚችለው ባለቤቱ ብቻ ነው።,,existing,,,,
members.error,members,The member list could not be loaded. Try again later.,የአባላት ዝርዝር መጫን አልተቻለም። ቆይተው እንደገና ይሞክሩ።,,existing,,,,
members.joined,members,Joined {date},የተቀላቀሉት {date},{date},existing,,,,
members.loading,members,Loading members...,አባላት በመጫን ላይ...,,existing,,,,
members.makeTreasurer,members,Make treasurer,ገንዘብ ያዥ አድርግ,,existing,,,,
members.noGroup,members,You are not in a group yet. Open an invite link to join one.,እስካሁን በምንም ቡድን ውስጥ የሉም። ለመቀላቀል የግብዣ አገናኝ ይክፈቱ።,,existing,,,,
members.removeTreasurer,members,Remove treasurer,ከገንዘብ ያዥነት አስወግድ,,existing,,,,
members.role.member,members,Member,አባል,,existing,,,,
members.role.owner,members,Owner,ባለቤት,,existing,,,,
members.role.treasurer,members,Treasurer,ገንዘብ ያዥ,,existing,,,,
members.roleFailed,members,The role could not be changed. Try again.,ሚናውን መቀየር አልተቻለም። እንደገና ይሞክሩ።,,existing,,,,
members.signedOut,members,Sign in to see the members of your group.,የቡድንዎን አባላት ለማየት ይግቡ።,,existing,,,,
members.title,members,Group members,የቡድን አባላት,,existing,,,,
milestone2.description,milestone2,The application shell is ready for the next implementation phase. Financial and bank behaviors are intentionally not connected yet.,የመተግበሪያ ሸል ለቀጣዩ የትግበራ ደረጃ ተዘጋጅቷል። የገንዘብና የባንክ እንውንታዎች በወደኛ ልክ ተያይዞ አልተገናኝም።,,existing,,,,
milestone2.eyebrow,milestone2,Milestone 2,ሚልል 2,,existing,,,,
milestone2.foundationLabel,milestone2,Foundation includes,መሠረቱ ይህን ያካትታል,,existing,,,,
milestone2.ledgerStatus,milestone2,Ledger engine: not implemented,የመዝገብ ሞትር፦ አልተተግበራም,,existing,,,,
milestone2.qualityChecks,milestone2,"Lint, typecheck, and build scripts",የlint፣ typecheckና build ስክሪፖች,,existing,latin-words:build lint typecheck,,,
milestone2.scopeStatus,milestone2,Domain rules: reserved for the next milestone,የዲሞይን ደንቦች፦ ለቀጣዩ ሚልል ተቀምጠዋል,,existing,,,,
milestone2.status,milestone2,Foundation ready,መሠረቱ ተዘጋጅቷል,,existing,,,,
milestone2.statusLabel,milestone2,Status,ሁኔታ,,existing,,,,
milestone2.testEnvironment,milestone2,Vitest-ready test environment,ለVitest ዝግጁ የሙከራ አካል,,existing,latin-words:Vitest,,,
milestone2.title,milestone2,Ledger and verification foundation,የመዝገብና የማረጋገጫ መሠረት,,existing,,,,
milestone2.typedCopy,milestone2,Typed English and Amharic shell copy,ተለጠ የእንግሊዝኛና የአማርኛ የሸል ጽሑፍ,,existing,,,,
milestone2.verificationStatus,milestone2,"Bank verification: planned, not connected",የባንክ ማረጋገጫ፦ በመነሻ ላይ፣ አልተገናኘም,,existing,,,,
nav.milestoneTwo,nav,Milestone 2,ሚልል 2,,existing,,,,
nav.nextSteps,nav,Next steps,ቀጣይ እርምጃዎች,,existing,,,,
nav.overview,nav,Overview,አጠቃላይ እይታ,,existing,,,,
nextSteps.description,nextSteps,"Ledger rules, receipt verification, reconciliation, and persistence will be designed as separate domain work after this foundation is accepted.",የመዝገብ ደንቦች፣ የደረሰኝ ማረጋገጫ፣ የማስታረሂያና የቀረጻ ማስቀመጫ በዚህ መሠረት ከጸደቀ በኋላ እንደ ተለያዩ የዲሞይን ሥራ ይተነዳሉ።,,existing,,,,
nextSteps.eyebrow,nextSteps,Next phase,ቀጣይ ደረጃ,,existing,,,,
nextSteps.scope,nextSteps,This shell makes no claim of a live bank connection.,ይህ ሸል የባንክ ቀጥታ ግንኙነት አይገናጋምም።,,existing,,,,
nextSteps.title,nextSteps,Build the financial core with confidence,የገንዘብ መሠረቱን በእርግጠት ይሠርቱ,,existing,,,,
offline.a11y.hashUnavailable,offline,Integrity hash unavailable,የታስተካከል አስተማርጠኛ ግንዙነት የለም,,existing,,,,
offline.a11y.state,offline,Sync state,የማስመሳለያ ሁኔታ,,existing,,,,
offline.connectivity.offline,offline,No connection,ግንኙነት የለም,,existing,,,,
offline.connectivity.online,offline,Online,ተገናኝቷል,,existing,,,,
offline.connectivity.unknown,offline,Connection unknown,የግንኙነት ሁኔታ አውቅቷል,,existing,,,,
offline.divergence.acceptServer,offline,Treat the server's chain as the record,የአገልጋዩን ተከታታይ እንደ መዝገብ ተቀበል,,existing,,,,
offline.divergence.escalate,offline,Keep both and escalate to the group,ሁለቱንም ያስቀምጥና ወደ ቡዙኑ አላስተላለፍ,,existing,,,,
offline.divergence.explain,offline,"Two devices recorded different entries for the same position in the chain. Sened cannot merge them, because an append-only chain has no merge. Nothing was deleted or rewritten — a person has to decide what the group actually agreed.",ሁለት መሣሪያዎች በተከታታይ መስፍ ላይ የተያያዙ ልዩ መግቦች አስቀምጠዋል። Sened አንድም ያለ አይዋልቃል፤ ምክንያቱም በአካል የሚጨምር የመስክ ያለው መፃሙ የለም። ምንም አልተጠፋረቀም ወይም አልተቀየረም — ቡዙኑ ምን ስምምተቋቸው ይሆን አስፈልጋል።,,existing,,,,
offline.divergence.forkAt,offline,"They agree through sequence {prefix}, then differ at sequence {fork}.",እስከ ተከታታይ {prefix} ድረስ ተስማምተዋል፤ ከዚያ በተከታታይ {fork} ላይ ይለያሉ።,{fork} {prefix},existing,,,,
offline.divergence.localBroken,offline,The copy on this device is damaged. It has not been repaired or deleted.,በዚህ መሣሪያ ላይ ያለው ቅጂ ተጎዳል። አልተጠረገረም ወይም አልተጠፋረቀም።,,existing,,,,
offline.divergence.resolved,offline,A person recorded a decision on {date}.,በ{date} ሰው ውሳኔ አስቀምጧል።,{date},existing,,,,
offline.divergence.title,offline,Ledger histories have split,የመዝገብ ታሪኮች ተዋግደዋል,,existing,,,,
offline.drafts.amountLabel,offline,Amount in birr,በብር የሚሆን መጠን,,existing,,,,
offline.drafts.cashAccountLabel,offline,Cash account,የጥሬ ሂሳብ,,existing,,,,
offline.drafts.draftOnly,offline,Draft — not sent,ማስከረዳ — አልተላክም,,existing,,,,
offline.drafts.empty,offline,No draft entries yet. Compose one below.,እስካሁን የማስከረዳ መግቦች የለም። ከታች አንድ ይምረጡ።,,existing,,,,
offline.drafts.entryTypeLabel,offline,Entry kind,የመዝገቡ ዓይነት,,existing,,,,
offline.drafts.incomeAccountLabel,offline,Contribution income account,የስጠታ ገቢ ሂሳብ,,existing,,,,
offline.drafts.invalidAmount,offline,That amount is not a valid birr value.,ያ መጠን ትክክል የብር እሴት አይደለም።,,existing,,,,
offline.drafts.occurredAtLabel,offline,When it happened,የተከሳተው ጊዜ,,existing,,,,
offline.drafts.queue,offline,Queue for sync,ለማስመሳለያ ወረፋ ላይ አስገባ,,existing,,,,
offline.drafts.queued,offline,Queued — waiting to sync,በወረፋ ላይ — ማስመሳለያን እየጠበቀ ነው,,existing,,,,
offline.drafts.queuedSaved,offline,Queued on this device. It will be sent when there is a connection.,በዚህ መሣሪያ ላይ ተሮምሯል። ግንኙነት ሲኖር ይላካል።,,existing,,,,
offline.drafts.save,offline,Save as draft,እንደማስከረዳ አስቀምጥ,,existing,,,,
offline.drafts.saved,offline,Draft saved on this device. It has not been queued.,የማስከረዳ መዝገቡ በዚህ መሣሪያ ላይ ተስቀምጧል። ወደ ወረፋ አልተላከም።,,existing,,,,
offline.drafts.title,offline,Draft ledger entries,የማስከረዳ የመዝገብ መግቦች,,existing,,,,
offline.drafts.unbalanced,offline,A ledger entry must balance: the debits and credits must be equal.,የመዝገብ መግቢያ ማመጣጠኝ ካለበለድ፦ ብርሃዎችና ክሬዲቶች እኩል መሆናቸው አለበት።,,existing,,,,
offline.integrity.sequenceValue,offline,Sequence {sequence},ተከታታይ {sequence},{sequence},existing,,,,
offline.mirror.empty,offline,This device has no confirmed entries yet. A chain head appears after the first successful pull.,ይህ መሣሪያ ገና የምንም የተረጋገጠ መግቢያ የለም። ከመጀመሪያው የተሳካ ገባ በኋላ የተከታታይ ርዕስ ይታያል።,,existing,,,,
offline.mirror.entries,offline,Confirmed entries on this device: {count},በዚህ መሣሪያ ላይ የተረጋገጡ መግቦች፦ {count},{count},existing,,,,
offline.notes.amountLabel,offline,Amount in birr,በብር የሚሆን መጠን,,existing,,,,
offline.notes.channelLabel,offline,How it was paid,እንዴት እንደተከፈለ,,existing,,,,
offline.notes.delete,offline,Delete this note,ይህን ማስታወሻ አጥፋ,,existing,,,,
offline.notes.deleteBlocked,offline,This note is still waiting to sync. It can only be deleted after it settles.,ይህ ማስታወሻ እየጠበቀ ነው። ከተረጋጠነ በኋላ ብቻ ልለጸመር ይችላሉ።,,existing,,,,
offline.notes.empty,offline,No notes are stored on this device yet.,በዚህ መሣሪያ ላይ እስካሁን ማስታወሻዎች የለም።,,existing,,,,
offline.notes.noHash,offline,"Integrity hashing is unavailable on this connection, so this note is not hashed.",በዚህ ግንኙነት ላይ የታስተካከል አስተማርጠኛ ግንዙነት የለም፤ ስለዚህ ይህ ማስታወሻ አልተሰራም።,,existing,,,,
offline.notes.save,offline,Save note on this device,ማስታወሻውን በዚህ መሣሪያ ላይ አስቀምጥ,,existing,,,,
offline.notes.saved,offline,Saved on this device. It has not been sent to the ledger.,በዚህ መሣሪያ ላይ ተስቀምጧል። ወደ መዝገቡ አልተላከም።,,existing,,,,
offline.notes.source.asr,offline,Transcribed by speech recognition,በድምፅ ማረጋገጫ ተቀርቧል,,existing,,,,
offline.notes.source.humanTyped,offline,Typed by hand,በእጅ ተጻፍቷል,,existing,,,,
offline.notes.title,offline,Spoken notes,የተናገሩ ማስታወሻዎች,,existing,,,,
offline.notes.transcriptLabel,offline,What was said,ምን ተናገር,,existing,,,,
offline.notes.transcriptPlaceholder,offline,Type or dictate the contribution as it was spoken,በቃል እንደተናገረው ስጠታውን ይጻፉ ወይም ይጨምሩ,,existing,,,,
offline.queue.blocked,offline,Needs a person,ሰው ያስፈልጋል,,existing,,,,
offline.queue.empty,offline,Nothing is waiting to sync.,ለማስመሳለያ የሚጠብቅ ምንም የለም።,,existing,,,,
offline.queue.oldest,offline,Oldest waiting since {date},ከመጀመሪያው ጀምሮ {date} ጀምሮ የሚጠብቅ,{date},existing,,,,
offline.queue.pending,offline,Waiting to sync,ለማስመሳለያ ይጠብቃል,,existing,,,,
offline.queue.rejected,offline,Rejected by the server,በአገልጋዩ ውድቅ ተደርጓል,,existing,,,,
offline.queue.retrying,offline,Will retry,እንደገና ይሞክራል,,existing,,,,
offline.queue.synced,offline,Synced,ተመሳልቷል,,existing,,,,
offline.queue.syncedBody,offline,The server accepted this and returned entry {entry}.,አገልጋይው ይህን ተቀብሏል ከመዝገብ {entry} ጋር መልሷል።,{entry},existing,,,,
offline.queue.title,offline,Sync queue,የማስመሳለያ ወረፋ,,existing,,,,
offline.roster.empty,offline,No members are stored on this device yet. They arrive after the first sync.,በዚህ መሣሪያ ላይ እስካሁን አባላት የለም። ከመጀመሪያው ማስመሳለያ በኋላ ይደርሳሉ።,,existing,,,,
offline.roster.memberCount,offline,{count} members,{count} አባላት,{count},existing,,,,
offline.roster.onDeviceTotal,offline,"Recorded on this device, not in the ledger: {amount}",በዚህ መሣሪያ ላይ የተመዘገበ፣ በመዝገቡ ውስጥ በስተቀር የለም፦ {amount},{amount},existing,,,,
offline.roster.title,offline,Roster on this device,በዚህ መሣሪያ ላይ ያለው የአባላት ዝርዝር,,existing,,,,
offline.storage.full,offline,This device is out of storage. Free space before recording more.,የይህ መሣሪያ ቦታ አልቋል። ከበለጠ መመዝግብዎ በፊት ቦታ ያስቀምሩ።,,existing,,,,
offline.storage.unavailable,offline,"This device cannot store anything offline, so nothing can be recorded here.",ይህ መሣሪያ ከመስመር ላይ ምንም ማስቀመጥ አይችልም፤ ስለዚህ እነዚህ ላይ ምንም መመዝግብ አይቻልም።,,existing,,,,
offline.subtitle,offline,Record contributions with no connection. Nothing here is in the ledger until it syncs.,ያለ ግንኙነት ስጠታዎችን ይመዝግቡ። እስኪመልስ እስከም አንድም ነገር አልተካተለም።,,existing,,,,
offline.sync.ahead,offline,This device is {count} entries behind the server. Nothing conflicts.,ይህ መሣሪያ ከአገልጋዩ {count} መግቦች ወደኋላ ነው። ምንም ግጭት የለም።,{count},existing,,,,
offline.sync.drained,offline,Sent {sent} of {total}.,ከ{total} ውስጥ {sent} ተልኳል።,{sent} {total},existing,,,,
offline.sync.identical,offline,This device and the server agree on the whole chain.,ይህ መሣሪያና አገልጋዩ ስለ ሙሉ የመስክ ተስማምተዋል።,,existing,,,,
offline.sync.needsToken,offline,Sign in before syncing. No credential is stored on this device.,ከመማስመሳለያ በፊት ይግቡ። በዚህ መሣሪያ ላይ ምንም ምልክት አይቀምጠም።,,existing,,,,
offline.sync.notConfigured,offline,"The sync service is not configured yet, so queued work stays on this device.",የማስመሳለያ አገልግሎቱ ገና አልቋቀረም፤ በወረፋ ላይ ያለው ሥራ በዚህ መሣሪያ ላይ ይቀራል።,,existing,,,,
offline.sync.nothingQueued,offline,There was nothing queued to send.,ለማስተላከት ምንም በወረፋ ላይ አልነበረም።,,existing,,,,
offline.sync.pull,offline,Pull from server,ከአገልጋይ ገባ,,existing,,,,
offline.sync.push,offline,Send queued work,የወረፋ ላይ ያለውን ሥራ ላክ,,existing,,,,
offline.sync.title,offline,Sync,ማስመሳለያ,,existing,,,,
offline.title,offline,Offline ledger desk,የመስመር መዝገብ ጠረጴዛ,,existing,,,,
shell.amharic,shell,አማርኛ,አማርኛ,,existing,am-identical-to-en,,,
shell.changeLanguage,shell,Change language,ቋንቋ ቀይር,,existing,,,,
shell.debter.ariaLabel,shell,Debter card: pot balance and next draw,ደብተር የገንዘብ መጠን እና ቀጣይ እጣ,,existing,,,,
shell.debter.currency,shell,ETB,ብር,,existing,,,,
shell.debter.label,shell,Debter card,ደብተር,,existing,,,,
shell.debter.mesobAlt,shell,The mesob for the next draw,ቀጣይ እጣ መሶብ,,existing,,,,
shell.debter.nextDraw,shell,Next draw,ቀጣይ እጣ,,existing,,,,
shell.debter.potBalance,shell,Pot balance,የበር ቀሪ ሒሳብ,,existing,,,,
shell.documentDescription,shell,"A calm, accessible foundation for community treasury records.",የማህበረሰብ ክምች መዝገቦችን ለማስተዳደር የሚሆን ለሚታይ መሠረት።,,existing,,,,
shell.documentTitle,shell,Sened | Community treasury foundation,Sened | የማህበረሰብ ክምች መሠረት,,existing,,,,
shell.english,shell,English,እንግሊዝኛ,,existing,,,,
shell.feed.channel,shell,Payment channel,የክፍያ መስመር,,existing,,,,
shell.feed.channelAwash,shell,Awash Bank,አዋሽ ባንክ,,existing,,,,
shell.feed.channelCash,shell,Cash,ጥሬ ገንዘብ,,existing,,,,
shell.feed.channelCbe,shell,CBE Birr,ሲቢኤ ብር,,existing,,,,
shell.feed.channelNone,shell,Not stated,አልተለበረም,,existing,,,,
shell.feed.channelTelebirr,shell,Telebirr,ቴሌብር,,existing,,,,
shell.feed.close,shell,Close,ተመለስ,,existing,,,,
shell.feed.empty,shell,No contributions yet,እስካሁል ምንም ልይል የለም,,existing,,,,
shell.feed.emptyBody,shell,Contributions recorded during the weekly meeting appear here.,በዝርዝር ውርይት የተመዘገበ ልይል እዚህኛ ይታያል።,,existing,,,,
shell.feed.noReference,shell,No reference given,የግብይት ቁጥር አልተመዝግበም,,existing,,,,
shell.feed.notAContribution,shell,This contribution came from a spoken note. It does not enter the ledger until a bank verifies it.,ይህ ልይል ከተናገረ ስለሆነ ነው። በቡንክ ማረጋገጫ ካልፈጸም ወደ ሒሳብ አይገባም።,,existing,,,,
shell.feed.pending,shell,Awaiting verification,በመጠባበቅ ላይ,,existing,,,,
shell.feed.reference,shell,Reference,ቁጥር,,existing,,,,
shell.feed.secondaryAvatarAlt,shell,Another member,ሌላ አባል,,existing,,,,
shell.feed.spokenNote,shell,Spoken note,የተናገረ ልይል,,existing,,,,
shell.feed.title,shell,Member contributions,የአባላት ልይሎች,,existing,,,,
shell.feed.unverifiedTitle,shell,Awaiting verification — not verified,በመጠባበቅ ላይ — አልተረጋገጠም,,existing,,,,
shell.feed.verifiedAt,shell,Verified at,የተመዘገበበት ሰዓት,,existing,,,,
shell.feed.verifiedBy,shell,Verified by,ያረጋገጠው,,existing,,,,
shell.feed.verifiedTitle,shell,Verified bank settlement,የተረጋገጠ የባንክ ክፍያ,,existing,,,,
shell.header.groupName,shell,Bole Equb,የቦሌ መድኃኔዓለም እቁብ,,existing,,,,
shell.header.listen,shell,Listen,አድምጥ,,existing,,,,
shell.header.listenAria,shell,Listen (play the spoken balance summary),አድምጥ (የድምጽ ማጠቃለያ አማምጥ),,existing,,,,
shell.header.subtitle,shell,Community Treasury,የሥቭረተሰብ ክዝግ,,existing,,,,
shell.home,shell,Sened home,የSened መነሻ,,existing,,,,
shell.nav.home,shell,Home,መነሻ,,existing,,,,
shell.nav.ledger,shell,Debter ledger,ደብተር,,existing,,,,
shell.nav.members,shell,Community members,አባላት,,existing,length-ratio-short:0.24,,,
shell.nav.profile,shell,Profile,መለያ,,existing,,,,
shell.nav.voiceAria,shell,Record by voice (spoken contribution),በድምጽ አስመዝግብ (በድምጽ የልይል መዝግብ),,existing,,,,
shell.primaryNavigation,shell,Primary navigation,ዋና ዝርዝር,,existing,,,,
shell.skipToContent,shell,Skip to content,ወደ ይዘቱ ዝለል,,existing,,,,
shell.switchToAmharic,shell,Switch to Amharic,ወደ አማርኛ ቀይር,,existing,,,,
shell.switchToEnglish,shell,Switch to English,ወደ እንግሊዝኛ ቀይር,,existing,,,,
tab.panels.back,tab,Back to the pot,ወደ በርተር ተመለስ,,existing,,,,
tab.panels.home,tab,Home,መነሻ,,existing,,,,
tab.panels.ledger,tab,Ledger,ደብተር,,existing,,,,
tab.panels.ledgerLink,tab,Open the ledger review,የደብተር ንጉጥብ ክፈት,,existing,,,,
tab.panels.members,tab,Members,አባላት,,existing,,,,
tab.panels.pending,tab,"Not built yet. A member roster and a treasurer profile both need a signed-in treasurer with a provisioned group, which this build does not have.",ገና አልተገነበም። የአባላት ዝርዝርና የተጠቃሚ መለያ ሁለቱም በተግባር የደረሰ ምክር ያስፈልጋል፤ ይህ ምርጃ ያላውቀውም።,,existing,,,,
tab.panels.profile,tab,Profile,መለያ,,existing,,,,
voice.a11y.clipping,voice,Input is clipping — move away from the microphone,ግብይቱ እየተታከሰ ነው — ከማይክሮፎኑ ይርቁሩ,,existing,,,,
voice.a11y.levelPercent,voice,Input level {percent} percent,የግብይት ደረጃ {percent} በመቶ,{percent},existing,,,,
voice.a11y.notRecording,voice,Not recording,አይቅረጽም,,existing,,,,
voice.a11y.recording,voice,Recording,በቅረጽ ላይ,,existing,,,,
voice.badge,voice,Voice input,የድምጽ ግብይት,,existing,,,,
voice.cancel,voice,Discard,ውድቅ አድርግ,,existing,,,,
voice.captureSilent,voice,"Nothing audible was captured. Check the microphone, then record again.",የሚሰማ ድምፅ አልታገኘም። ማይክሮፎኑን ያረጋግጡ እና እንደገና ይቅረጹ።,,existing,,,,
voice.captureTooLong,voice,That recording is too long. Keep a contribution note under two minutes.,የቅረጻው ጨምሮ በጣም ረዘመ። የስጠታ ማስታወሻ ከሁለት ደቂቃ በታች ያድርጉ።,,existing,,,,
voice.captureTooShort,voice,That was too short to contain a contribution. Hold the button and speak a full sentence.,በጣም አጭር ሆኖ ስጠታ ሊሆን አይችልም። አዝራሩን ይይዙ እና ሙሉ ዓረፍት ይናገሩ።,,existing,,,,
voice.channelAwash,voice,Awash Bank,አዋሽ ባንክ,,existing,,,,
voice.channelBankUnnamed,voice,"A bank, unnamed",ባንክ፣ ስሙ የለም,,existing,,,,
voice.channelCash,voice,Cash,ጥሬ,,existing,,,,
voice.channelCbe,voice,CBE Birr,ሲቢኢ ብር,,existing,,,,
voice.channelNone,voice,Not mentioned,አልተጠበቀም,,existing,,,,
voice.channelTelebirr,voice,Telebirr,ቴሌብር,,existing,,,,
voice.clear,voice,Clear,አጽዳ,,existing,,,,
voice.close,voice,Close,ዝጋ,,existing,,,,
voice.extractedTitle,voice,What the parser found,ማንሳሳው ያገኘው,,existing,,,,
voice.fieldAmount,voice,Amount,መጠን,,existing,,,,
voice.fieldAmountMissing,voice,Not mentioned,አልተጠበቀም,,existing,,,,
voice.fieldChannel,voice,Payment channel,የክፍያ መስመር,,existing,,,,
voice.fieldLanguage,voice,Language,ቋንቋ,,existing,,,,
voice.fieldMonth,voice,Saving cycle,የቁጥር ወር,,existing,,,,
voice.fieldMonthMissing,voice,Not mentioned,አልተጠበቀም,,existing,,,,
voice.fieldTxRef,voice,Bank reference,የባንክ ቁጥር,,existing,,,,
voice.fieldTxRefMissing,voice,Not mentioned,አልተጠበቀም,,existing,,,,
voice.issueAmbiguousAmount,voice,More than one amount was heard. Say only the figure you paid.,ከአንድ በላይ መጠን ተሰምቷል። የክፈሉትን ቁጥር ብቻ ይናገሩ።,,existing,,,,
voice.issueAmbiguousChannel,voice,"A bank was named but not which one. Say Telebirr, CBE Birr or Awash.",ባንክ ተጥቷል የት እንደሆነ ግን አልተገለጸም። ቴሌብር፣ ሲቢኢ ብር ወይም አዋሽ ይናገሩ።,,existing,,,,
voice.issueCashChannel,voice,"Cash was heard. A bank can never confirm cash, so this cannot be verified.",ጥሬ ተሰምቷል። ጥሬን ባንክ ምንም ሰዓት ሊረጋገጥ አይችልም፤ ስለዚህ ይህ ሊረጋገጥ አይችልም።,,existing,,,,
voice.issueCurrencyMismatch,voice,The amount was not in birr. This ledger only accepts Ethiopian birr.,መጠኑ በብር አልሆነም። ይህ መዝገብ የኢትዮጵያ ብር ብቻ ይቀበላል።,,existing,,,,
voice.issueInferredCurrency,voice,"You did not say a currency, so birr was assumed. Check the amount.",ገንዘብ አላገለጹም፤ ብር ተወስዷል። መጠኑን ያረጋግጡ።,,existing,,,,
voice.issueMultipleMonths,voice,More than one saving month was mentioned.,ከአንድ በላይ የቁጥር ወር ተጥቷል።,,existing,,,,
voice.issueNoAmount,voice,"No amount was heard. Say the figure, for example “5,000 birr”.","መጠን አልተሰማም። ቁጥሩን ይናገሩ፤ ለምሳሌ «5,000 ብር»።",,existing,,,,
voice.issueNoChannel,voice,"No payment channel was heard. Say how you paid — Telebirr, CBE Birr, Awash or cash.",የክፍያ መስመር አልተሰማም። እንዴት ከፍዩ እንደምለቱ ይናገሩ — ቴሌብር፣ ሲቢኢ ብር፣ አዋሽ ወይም ጥሬ።,,existing,,,,
voice.issueNoTxRef,voice,No bank reference was heard. Read the number off your phone and add it.,የባንክ ቁጥር አልተሰማም። ቁጥሩን ከስልክዎ ያንሱ ይቀይሩ።,,existing,,,,
voice.issueUnparseable,voice,The sentence could not be read at all.,ዓረፍቱን በምንም አልተቻለም።,,existing,,,,
voice.issueUnreliableTxRef,voice,"That reference was not labelled, so it may be a word rather than a bank number. Confirm it.",ይህ ቁጥር በስም አልተሰጠም፤ ቃል ሊሆን ይችላል። አረጋግጠው።,,existing,,,,
voice.languageAm,voice,Amharic,አማርኛ,,existing,,,,
voice.languageMixed,voice,Mixed,የተደባበረ,,existing,,,,
voice.languageOm,voice,Afaan Oromoo,የአፋን ኦሮሞ,,existing,,,,
voice.languageUnknown,voice,Not detected,አልታወቀም,,existing,,,,
voice.listening,voice,Listening…,እየዳመጥን ነው…,,existing,,,,
voice.noDeviceBody,voice,No audio input device is available on this device.,በዚህ መሣሪያ ላይ የድምፅ ግብይት መሣሪያ የለም።,,existing,,,,
voice.noDeviceTitle,voice,No microphone found,ማይክሮፎን አልተገኘም,,existing,,,,
voice.page.configured,voice,Configured,ተዋቅሯል,,existing,,,,
voice.page.description,voice,Speech becomes a provisional draft. Only the bank can turn it into money.,ድምጅ ጊዜዊ ረቂቅ ይሆናል። ገንዘብ የሚሆነው ባንኩ ብቻ ነው።,,existing,,,,
voice.page.heading,voice,Zero-trust voice pipeline,ዜሓ ተባልን ያልተመለከተ የድምጽ ቧንቧ,,existing,,,,
voice.page.intentDescription,voice,"The exact body AGENT-1's bank verification route accepts, and every reason it is refused.",የኤጅኤንት-1 የባንክ ማረጋገጫ መንገዱ የሚቀበለው ትክክለኛ ነገር፣ እና ለምን እንደተከለከለ ምክንካኒዎች።,,existing,,,,
voice.page.intentHeading,voice,Hand-off to bank verification,ወደ የባንክ ማረጋገጫ ማስረጃ,,existing,,,,
voice.page.noFakesNotice,voice,Nothing on this page is simulated. An unconfigured provider is reported as unconfigured.,አዚ ገጽ ላይ ምንም አይሳስመር።ያይሳስከረከዬልሏገረጁኖየእንነቈቲያአይስኬለያንብንዩአይኬለርያኤይዋዼሪ,,existing,,,,
voice.page.notConfigured,voice,Not configured,አልተዋቀረም,,existing,,,,
voice.page.parseDescription,voice,"Pure, credential-free, and the same code the mobile shell runs. Type a sentence in Amharic or Afaan Oromoo.",ንጹህ፣ የምስጋና አያስፈልግም፣ እና ሞባይል ሽፋፍ የሚያስኬው እስን. በአማርኛ ወይም በኦሮሞ ዓረፍት ይተይቡ።,,existing,,,,
voice.page.parseHeading,voice,Entity extraction,የመረጃ ማውጣት,,existing,,,,
voice.page.providersDescription,voice,"What is actually configured right now, with no guessing.",አሁን ተሰርቶ ያለው ትክክል፣ በመገመት ሳይሆን።,,existing,,,,
voice.page.providersHeading,voice,Speech providers,የድምጽ አገልግሎቶች,,existing,,,,
voice.page.providersStt,voice,Speech to text,የድምጅ ወደ ጽሑፍ,,existing,,,,
voice.page.providersTts,voice,Text to speech,የጽሑፍ ወደ ድምጅ,,existing,,,,
voice.page.recordDescription,voice,A real getUserMedia stream with a live AnalyserNode level meter. Nothing is uploaded.,እውነተኛ getUserMedia ፍሮፍ ከቀጥታ AnalyserNode ደረጃ መለኪያ ጋር። ምንም አይገበርም።,,existing,latin-words:AnalyserNode getUserMedia,,,
voice.page.recordHeading,voice,Microphone capture,የማይክሮፎን መቀዳት,,existing,,,,
voice.page.sampleAmbiguous,voice,Two amounts,ሁለት መጠኖች,,existing,,,,
voice.page.sampleAmharic,voice,Amharic sample,የአማርኛ ናሙና,,existing,,,,
voice.page.sampleForeign,voice,Foreign currency,ይጭ ገንዘብ,,existing,,,,
voice.page.sampleNoRef,voice,Amount with no reference,ያለ ቁጥር መጠን,,existing,,,,
voice.page.sampleOromo,voice,Afaan Oromoo sample,የኦሮሞ ናሙና,,existing,,,,
voice.page.tapToRecord,voice,Tap to start recording,ለመቅዳት ይጫኑ,,existing,,,,
voice.page.title,voice,Voice pipeline,የድምጽ ቧንቧ,,existing,,,,
voice.parse,voice,Read the numbers,ቁጥሮችን አንብብ,,existing,,,,
voice.permissionDeniedBody,voice,A treasurer has to allow the microphone before a spoken note can be recorded. Nothing was saved and no money moved.,የድምጽ ማስታወሻ ከመቀዳቸው በፊት አስተባባሪው ማይክሮፎኑን ማስተያየት አለበት። ምንም አልተቀመጠም፣ ገንዘብም አልተንቀሳቀሰም።,,existing,,,,
voice.permissionDeniedTitle,voice,Microphone access is blocked,የማይክሮፎን መንገድ ተዘግ ተድርጓል,,existing,,,,
voice.permissionRequest,voice,Waiting for microphone permission…,የማይክሮፎን ፈቃድ በመጠበቅ ላይ…,,existing,,,,
voice.provisionalBadge,voice,Provisional,ጊዜዊ,,existing,length-ratio-short:0.27,,,
voice.provisionalNotice,voice,A voice note is never a receipt. No money moves until the bank confirms this reference.,የድምጽ ማስታወሻ ሜት ኒድ አይደለም። ባንኩ ይህን ቁጥር ካረጋገጠ ብቻ ገንዘብ ይንቀሳል።,,existing,,,,
voice.record,voice,Record,ቅረጽ,,existing,,,,
voice.recordingElapsed,voice,Recording {seconds}s,{seconds} ሰከንድ በቅረጽ ላይ,{seconds},existing,,,,
voice.recordLocally,voice,Record on this device,በዚህ መሣሪያ ላይ አስቀምጥ,,existing,,,,
voice.recordLocallyBody,voice,Kept on this phone only. It is not a receipt and it does not enter the ledger until a bank confirms it.,በዚህ ስልክ ላይ ብቻ ይቀራል። የተከፈለ ደረሰኝ አይደለም፤ ባንኩ ካረጋገጠ ወደ ሒሳብ አያለገባም።,,existing,,,,
voice.recordLocallyFailed,voice,The note could not be saved on this device. Nothing was recorded.,ይህን ማስታወሻ በዚህ መሣሪያ ላይ መስቀመጥ አልተቻለም። ምንም አልተመዘገበም።,,existing,,,,
voice.rejectionTitle,voice,Not ready for the bank,ለባንክ ተዘጋጅቷል አይደለም,,existing,,,,
voice.retry,voice,Try again,እንደገና ሞክር,,existing,,,,
voice.stop,voice,Stop recording,ቅረጽን አቁም,,existing,,,,
voice.submit,voice,Send to the bank for verification,ለባንክ ማረጋገጫ ይላኩ,,existing,,,,
voice.submitUnverifiedReason,voice,Fix the highlighted items before this can be sent to the bank.,ወደ ባንኩ ከመላክዎ በፊት የተጠቀሱትን ነገሮች ያስተካክሉ።,,existing,,,,
voice.submitUnwiredBody,voice,"The parser is working, but this build has no route to Links.et yet, so nothing can be submitted. Nothing has been recorded as paid.",ማንሳሳው እየሄደ ነው፤ ግንም ይህ ምርጃ Links.et የለውም፤ ስለዚህ ምንም መላክ አይችልም። እንደተከፈለ ተመዝግቧል ያለ ምንም አልተመዘገበም።,,existing,,,,
voice.submitUnwiredTitle,voice,Bank verification is not connected yet,የባንክ ማረጋገጫ ገና አልተያወረም,,existing,,,,
voice.subtitle,voice,"Speak the bank, the amount and the reference. The entry stays unconfirmed until the bank agrees.",ባንኩን፣ መጠኑንና የርፍያው ቁጥር ይናገሩ። መዝገቡ ከባንኩ ጋር ካልገከ ሙሉ በሙሉ አይቆጠርም።,,existing,,,,
voice.title,voice,Record a contribution,ስጠታ ይቀዝጥቱ,,existing,,,,
voice.transcribeFailedBody,voice,"No speech provider is configured, so the recording was not transcribed. The audio was not lost — type the sentence below instead.",የድምጽ አገልግሎካሪ አልተዋቀረም፤ በስለዚህ ቅረጻው ወደ ጽሑፍ አልቀየረም። የድምጹ አልጠፋም — ከታች ዓረፍቱን ይተይቡ።,,existing,,,,
voice.transcribeFailedTitle,voice,Speech-to-text is not available,የድምጅ ወደ ጽሑፍ መለወጫ የለም,,existing,,,,
voice.transcribing,voice,Turning speech into text…,ድምጅን ወደ ጽሑፍ በመለየት ላይ…,,existing,,,,
voice.transcriptEmpty,voice,Nothing transcribed yet.,እስካሁን ምንም አልተቀየረም።,,existing,,,,
voice.transcriptInterim,voice,Listening to your sentence…,ዓረፍትዎን እየዳመጥን ነው…,,existing,,,,
voice.transcriptLabel,voice,What was heard,የተሰማው,,existing,,,,
voice.transcriptPlaceholder,voice,"ለመስከረም ወር እቁብ 5,000 ብር በቴሌብር አስገብቻለሁ፣ ቁጥሩ 9BF42 ነው","ለመስከረም ወር እቁብ 5,000 ብር በቴሌብር አስገብቻለሁ፣ ቁጥሩ 9BF42 ነው",,existing,am-identical-to-en; latin-words:BF,,,
voice.typeInstead,voice,Type instead,በጽሑፍ አለጥፍ,,existing,,,,
voice.unsupportedBody,voice,"Sened needs a recent Chrome, Safari or Firefox build. You can still type the sentence below and the parser will work exactly the same.",Sened ትንህት የቅርብ Chrome፣ Safari ወይም Firefox ያስፈልጋል። ከታች ዓረፍቱን መተየት ይችላሉ — ማንሳሳዩ ተመሳሳይ ይሆናል።,,existing,latin-words:Chrome Firefox Safari,,,
voice.unsupportedTitle,voice,This browser cannot record audio,ይህ አሳሽ ድምፅ መቅዳት አይችልም,,existing,,,,
voice.verify.ambiguousBinding,voice,More than one account matches this channel. Nothing was sent; the choice cannot be guessed.,ከአንድ በላይ ሂሳብ ከዚህ መንገድ ጋር ይስማማል። ምርጫው ሊገመት አይችልም፤ ምንም አልተላከም።,,existing,,,,
voice.verify.failed,voice,The verification request could not be completed. Nothing was recorded as paid.,የማረጋገጫ ጥያቄው ሊጠናቀቅ አልቻለም። እንደተከፈለ ምንም አልተመዘገበም።,,existing,,,,
voice.verify.noBinding,voice,"No active bank account is bound for this payment channel, so nothing was sent.",ለዚህ የክፍያ መንገድ የተያያዘ ንቁ የባንክ ሂሳብ የለም፤ ስለዚህ ምንም አልተላከም።,,existing,,,,
voice.verify.pending,voice,Sent. The bank has not confirmed it yet; it stays pending and is not counted as paid.,ተልኳል። ባንኩ ገና አላረጋገጠም፤ በመጠባበቅ ላይ ይቆያል እንጂ እንደተከፈለ አይቆጠርም።,,existing,,,,
voice.verify.rejected,voice,The bank did not confirm this payment. Nothing was recorded as paid.,ባንኩ ይህን ክፍያ አላረጋገጠም። እንደተከፈለ ምንም አልተመዘገበም።,,existing,,,,
voice.verify.signedOut,voice,Your session ended. Sign in again to send this to the bank.,ክፍለ ጊዜዎ አብቅቷል። ይህን ወደ ባንክ ለመላክ እንደገና ይግቡ።,,existing,,,,
voice.voiceInstead,voice,Speak instead,በድምጅ ተናገር,,existing,,,,
voice.waveformLabel,voice,Live microphone level,የማይክሮፎን ደረጃ በቀጥታ,,existing,,,,
